/*
Navicat MySQL Data Transfer

Source Server         : localhost
Source Server Version : 50616
Source Host           : localhost:3306
Source Database       : website

Target Server Type    : MYSQL
Target Server Version : 50616
File Encoding         : 65001

Date: 2016-01-06 15:17:27
*/

SET FOREIGN_KEY_CHECKS=0;

-- ----------------------------
-- Table structure for xm_article
-- ----------------------------
DROP TABLE IF EXISTS `xm_article`;
CREATE TABLE `xm_article` (
  `article_id` int(11) NOT NULL AUTO_INCREMENT,
  `title` varchar(255) DEFAULT NULL,
  `description` text,
  `createtime` date DEFAULT NULL,
  `seq` int(11) DEFAULT NULL,
  `sender_id` int(11) DEFAULT NULL,
  `module_id` int(11) DEFAULT NULL,
  `lang` varchar(50) NOT NULL DEFAULT 'zh_cn',
  `tags` varchar(255) DEFAULT NULL,
  `infotype` varchar(255) DEFAULT NULL,
  `top` tinyint(4) NOT NULL DEFAULT '0',
  `recommend` tinyint(4) NOT NULL DEFAULT '0',
  `click` int(11) DEFAULT NULL,
  `price` decimal(10,0) DEFAULT NULL,
  `cansale` tinyint(4) DEFAULT NULL,
  PRIMARY KEY (`article_id`)
) ENGINE=InnoDB AUTO_INCREMENT=114 DEFAULT CHARSET=utf8;

-- ----------------------------
-- Records of xm_article
-- ----------------------------
INSERT INTO `xm_article` VALUES ('68', 'PHP技术支持', '<div>\r\n	<p>\r\n		主要工作内容：\r\n	</p>\r\n	<div>\r\n		1. 负责小麦CMS企业网站管理系统技术支持；\r\n	</div>\r\n	<div>\r\n		2. 为客服人员提供技术支持；\r\n	</div>\r\n	<div>\r\n		&nbsp;\r\n	</div>\r\n	<div>\r\n		岗位要求：&nbsp;\r\n	</div>\r\n	<ol>\r\n		<li>\r\n			php能看懂且对PHP感兴趣，理解面向对象基本概念，写过一些小程序；\r\n		</li>\r\n		<li>\r\n			懂MySql数据库备份、恢复等基本操作，熟悉PHP环境的搭建和配置；\r\n		</li>\r\n		<li>\r\n			javascript能看懂，了解jquery等js框架；\r\n		</li>\r\n		<li>\r\n			html/css会写，懂linux的优先；\r\n		</li>\r\n		<li>\r\n			擅长网上查找资料解决问题；\r\n		</li>\r\n		<li>\r\n			有PHP作品（留言板，blog等）的优先；\r\n		</li>\r\n		<li>\r\n			做事要有耐心，性格谦和，学习能力强，能吃苦耐劳，愿意同公司共同发展。\r\n		</li>\r\n	</ol>\r\n	<div>\r\n		如果你对我们的职位感兴趣，且符合我们的基本要求，请将个人简历投递至458820281@qq.com，或者直接与我们取得联系！\r\n	</div>\r\n</div>', '2015-01-19', '0', '2', '7', 'zh_cn', 'PHP,招聘', 'job', '0', '0', null, null, null);
INSERT INTO `xm_article` VALUES ('69', '网络销售', '<div>\r\n	<ol>\r\n		<li>\r\n			大专以上学历，一年以上网络销售经验；\r\n		</li>\r\n		<li>\r\n			熟悉网络推广，熟悉网站建设基本流程；\r\n		</li>\r\n		<li>\r\n			有网站制作相关工作经验者优先；\r\n		</li>\r\n		<li>\r\n			学习能力强，能吃苦耐劳，愿意同公司共同发展；\r\n		</li>\r\n		<li>\r\n			本岗位招收兼职，投递简历时请说明自己的工作意愿；\r\n		</li>\r\n	</ol>\r\n	<div>\r\n		如果你对我们的职位感兴趣，且符合我们的基本要求，请将个人简历投递至458820281@qq.com，或者直接与我们取得联系！\r\n	</div>\r\n</div>', '2015-01-19', '0', '2', '7', 'zh_cn', '网络销售', 'job', '0', '0', null, null, null);
INSERT INTO `xm_article` VALUES ('70', '网页UI设计师', '<div>\r\n	<p>\r\n		主要工作内容：负责小麦CMS界面和公司网站的界面设计等，重视用户体验。\r\n	</p>\r\n	<div>\r\n		岗位要求：\r\n	</div>\r\n	<ol>\r\n		<li>\r\n			视觉设计、平面设计或美术相关专业，大专以上学历。\r\n		</li>\r\n		<li>\r\n			具有良好的创意设计能力及良好的色彩感，有较高的美术功底，较强的网页设计能力和整体布局感。\r\n		</li>\r\n		<li>\r\n			精通photoshop、Illustrator、Fireworks、Dreamweaver等图形设计工具中至少两种。\r\n		</li>\r\n		<li>\r\n			了解网页交互设计知识，对作品有不断追求完美的精神特质。\r\n		</li>\r\n		<li>\r\n			有网站UI设计同等职位工作经验、能提供过往作品者优先。\r\n		</li>\r\n	</ol>\r\n</div>', '2015-01-19', '0', '2', '7', 'zh_cn', '网页UI设计师', 'job', '0', '0', null, null, null);
INSERT INTO `xm_article` VALUES ('71', 'Web前端开发人员', '<div>\r\n	<div>\r\n		主要工作内容：负责小麦CMS企业网站管理系统前台模板功能设计、用户体验提升和Web界面技术优化。\r\n	</div>\r\n	<div>\r\n		岗位要求：\r\n	</div>\r\n	<ol>\r\n		<li>\r\n			熟悉JavaScript、Ajax、JQuery等前端开发脚本技能；\r\n		</li>\r\n		<li>\r\n			精通HTML/XHTML、CSS，能够快速手写CSS代码，熟悉页面架构和布局。\r\n		</li>\r\n		<li>\r\n			熟悉Web网站以及Web应用的可用性及用户分析方法，深入理解产品流程、用户体验和用户需求，对提升用户体验有一定经验及造诣。\r\n		</li>\r\n		<li>\r\n			对Web技术发展有强烈兴趣，有良好的学习能力和强烈的进取心，愿意同公司共同发展。\r\n		</li>\r\n		<li>\r\n			能跟踪最新的WEB前端设计、懂PHP基本语言者优先。\r\n		</li>\r\n	</ol>\r\n</div>', '2015-01-19', '0', '2', '7', 'zh_cn', 'Web前端,开发人员', 'job', '0', '0', null, null, null);
INSERT INTO `xm_article` VALUES ('72', '电子商务专员', '<div>\r\n	<p>\r\n		主要工作内容：负责小麦CMS企业网站管理系统在线销售工作，向客户提供迅速、准确、周到的服务。\r\n	</p>\r\n	<div>\r\n		岗位要求：\r\n	</div>\r\n	<ol>\r\n		<li>\r\n			熟悉互联网销售与推广；\r\n		</li>\r\n		<li>\r\n			能熟练操作网站管理系统后台，了解基本的建站知识；\r\n		</li>\r\n		<li>\r\n			能敏锐把握网站建设行业市场动向，善于把握客户心理；\r\n		</li>\r\n		<li>\r\n			沟通能力强，勤奋耐劳，办事认真严谨细致；\r\n		</li>\r\n		<li>\r\n			具有较强的学习能力，愿意同公司共同发展；\r\n		</li>\r\n		<li>\r\n			有网站建设相关产品工作经验者优先，电子商务、市场营销等相关专业优先。\r\n		</li>\r\n	</ol>\r\n</div>', '2015-01-19', '0', '2', '7', 'zh_cn', '电子商务,专员', 'job', '0', '0', null, null, null);
INSERT INTO `xm_article` VALUES ('73', '模板建站的优势', '模板建站是通过使用网站模板和内容管理系统来建设及更新网页的，便于制作与维护，许多主机的服务商都提供自助产品，与其进行捆绑销售。简单动动鼠标，选择并添加相关元素，如表单、地图、留言板、日历、在线客服等就可自动生成。下面我们一起来看看网站模板建站的优势！\r\n<div>\r\n	&nbsp;\r\n</div>\r\n<div>\r\n	一、具有便捷性\r\n</div>\r\n<div>\r\n	CMS建站是一种全新的互联网应用模式，相比过去传统的企业建站方式，不需企业编写任何程序或网页，无需学习任何相关语言，也不需第三方代写或管理网\r\n站，只需应用系统所提供的相关的功能模块，通过技术结合市场和行业的需要做出来的网站模板（收费网站模板或者免费网站模板）,熟悉如何使用网站模板，直接添加网站内容之后即可生成并美化好企业个性化的精美网站，非常方便。\r\n</div>\r\n<div>\r\n	&nbsp;\r\n</div>\r\n<div>\r\n	二、具有行业特性\r\n</div>\r\n<div>\r\n	一个系统的开发以及模板的制作不会是技术想怎么做就怎么做的，他是需要经过市场调查，分析行业特征，考虑用户体验，以及针对的使用者的综合要求来确定模板的制作计划。所以使用系统模板建站也是站在用户角度考虑到网站的可用性。比如MetInfo企业网站管理系统适用于企业建站。\r\n</div>\r\n<div>\r\n	&nbsp;\r\n</div>\r\n<div>\r\n	三、具有低成本高效率\r\n</div>\r\n<div>\r\n	基于CMS系统，套用模版就能让用户在短时间内迅速架设属于自己公司的企业网站。系统易学易懂，只要会打字，即可在线直接完成建站所有工作。想制作多\r\n少网站都可批量来操作！基本都是免费使用！他需要收费的地方可能是捆绑一些插件进行出售，这个可以自行选择是否需要！相对定制网站的成本来讲，采用模板建\r\n站基本是零成本快速建站，省时省力！\r\n</div>\r\n<div>\r\n	&nbsp;\r\n</div>\r\n<div>\r\n	如今市场线上线下融合，相辅相成，在竞争激烈的今天，无论你是做什么产品，吃穿住行或者虚拟产品，在中国，要是百度中无法搜索到你的产品，那么你就\r\nOUT了。一个网站就直接代表了你产品的形象或企业的形象，所以不管是个体户，还是中小企业，如今在商场上，搭建一个拥有自己的网站势在必行，所以对于中\r\n小型企业以及个体户来说，前期资金人工不充足的情况下，采用模板快速建站是最好的选择。\r\n</div>', '2015-01-22', '0', '2', '12', 'zh_cn', '模板建站', 'article', '0', '0', null, null, null);
INSERT INTO `xm_article` VALUES ('74', '手机网站推广的特点', '手机网站的营销推广现在越来越受到重视，手机网站推广的特点包括两方面：推广优势与推广劣势。\r\n<p>\r\n	&nbsp;\r\n</p>\r\n<p>\r\n	手机网站推广的优势\r\n</p>\r\n<div>\r\n	&nbsp; &nbsp; &nbsp; &nbsp;1. 速度快：方便客户随时查阅信息，比电脑要快捷的多。通过手指一点，立马进入自己感兴趣的产品网站中。这种速度远比电脑上网搜索产品快速的多。\r\n</div>\r\n<div>\r\n	&nbsp; &nbsp; &nbsp; &nbsp;2. 群体广：电脑消费群体和手机消费群体相比逊色了很多。根据2011年的统计，全国电脑拥有者有4亿左右，而手机拥有者却达到9亿多。手机用户比电脑用户多了两倍多，可见手机覆盖的消费群体远比电脑的消费群体广。\r\n</div>\r\n<div>\r\n	&nbsp; &nbsp; &nbsp; &nbsp;3. 效率高：目前各大银行都开通了手机在线支付功能，方便客户购买产品之后，直接进行付账，省去了许多麻烦。\r\n</div>\r\n<div>\r\n	&nbsp; &nbsp; &nbsp; &nbsp;以上三点优势，足以促使大多数企业将手机网站作为产品推广的方式之一，没有行动的企业是否也动心了呢？\r\n</div>\r\n<p>\r\n	&nbsp;\r\n</p>\r\n<p>\r\n	手机网站推广的劣势\r\n</p>\r\n<p>\r\n	&nbsp; &nbsp; &nbsp; &nbsp;1. 分布角色不同，将信息真正推广出去很难。虽\r\n说全国手机使用者特别多，但是真正用手机进行商业搜索却少之又少。手机消费群体按照使用年龄划分的话，青少年居多，并且农村、偏远地区等消费群体都是手机\r\n的简单操作者，并没有主动通过手机接触商业信息的思维。所以即使手机使用者很多，但分布角色不同，最后形成企业成功营销的消费群也就很少了。\r\n</p>\r\n<div>\r\n	&nbsp; &nbsp; &nbsp; &nbsp;2. 手机流量费用不菲，导致推广的门槛较高。现在的手机上网费用较国外来说，还是比较贵的。假如一个设计公司做了个手机网站，网站主要内容是设计案例。通过手机上网查看的话，很耗流量，只能在有WiFi的区域才能畅通无阻。\r\n</div>\r\n<div>\r\n	&nbsp; &nbsp; &nbsp; &nbsp;3. 使用习惯不同，导致推广信息接受者参差不齐，很难形成精确营销。常人买了手机，基本就是用来和亲戚朴有天联系或者娱乐，最终导致了企业使用手机网站推广的效果不会那么理想。\r\n</div>\r\n<div>\r\n	&nbsp;\r\n</div>\r\n<div>\r\n	&nbsp; &nbsp; &nbsp; &nbsp;企业在使用前应该了解手机网站如何推广，根据其特点来制订营销方案，尽量扬长避短，找到最适合自己的推广方式，这样才能让推广效果最大化。\r\n</div>', '2015-01-22', '0', '2', '12', 'zh_cn', '手机网站推广', 'article', '0', '0', null, null, null);
INSERT INTO `xm_article` VALUES ('75', '手机网站的发展前景', '手机网站的发展前景是不容质疑的，手机互联网进入3G时代带给普通用户的完美体验是吸引各地营销商的最大魅力所在。移动互联网已经彻底融入了我们的生活，我们的生活已经无法离开手机网站。手机网站的发展前景主要有以下几点：\r\n<p>\r\n	&nbsp;\r\n</p>\r\n<div>\r\n	搜索\r\n</div>\r\n<div>\r\n	&nbsp; &nbsp; &nbsp; &nbsp;当你走进一个新的城市，或外出旅游,对当地的一些基本信息不是很了解，该如何是好？我们已经过了随手拿着地图找路的年代，我们现在直接会拿出手机搜索地图寻路。不知道当地有什么好吃的好玩的，我们直接拿出手机进入手机百度网站搜索即可。\r\n</div>\r\n<div>\r\n	&nbsp;\r\n</div>\r\n<div>\r\n	新闻\r\n</div>\r\n<div>\r\n	&nbsp; &nbsp; &nbsp; &nbsp;你是否经常关注社会各界新闻，但又无暇去看杂志、书报？直接拿出手机进网站就能浏览近期所有的时事新闻了。\r\n</div>\r\n<div>\r\n	&nbsp;\r\n</div>\r\n<div>\r\n	娱乐\r\n</div>\r\n<div>\r\n	&nbsp; &nbsp; &nbsp; &nbsp;这一块儿当属手机页游的领域，现在大部分上班族都没有时间去玩大型游戏，而普通手游又因手机硬件或其他原因并不能畅玩，这时上班族基本上都会去找自己感兴趣的手机页游玩，而且现在已经很多游戏厂商瞄准了手机页游的市场。\r\n</div>\r\n<div>\r\n	&nbsp;\r\n</div>\r\n<div>\r\n	&nbsp; &nbsp; &nbsp; &nbsp;终上所述，我们可以用两个字概括手机网站的优势：便捷。现在生活节奏越来越快，人们都希望事情都变得简单，正是有了便捷这一优势，手机网站的发展前景将是十分恐怖的。\r\n</div>', '2015-01-22', '0', '2', '12', 'zh_cn', '手机网站', 'article', '0', '0', null, null, null);
INSERT INTO `xm_article` VALUES ('76', '什么是伪静态？伪静态有何作用?', '伪静态是相对真实静态来讲的，真实静态会生成一个html或htm后缀的文件，访客能够访问到真实存在的静态页面，而伪静态则没有生成实体静态页面文件，而仅仅是以.html一类的静态页面形式,但其实是用PHP程序动态脚本来处理的，这就是伪静态。<br />\r\n&nbsp;<br />\r\n&nbsp;&nbsp;&nbsp;&nbsp;&nbsp;&nbsp;&nbsp; 静态页面的优缺点：<br />\r\n&nbsp;&nbsp;&nbsp;&nbsp;&nbsp;&nbsp;&nbsp; 真实静态通常是为了更好的缓解服务器压力，和增强搜索引擎的友好面，所以都将网页内容生成静态页面。但最大缺陷是每次在网站后台修改网页内容都需要重新生成静态页面，无法实时显示更新的内容，而久之网站内容多了，占用的空间大小以及每次生成静态页面所耗费的服务器资源也不容小觑（有出现内容过多且一次性生成静态页面而导致服务器奔溃的案例）。<br />\r\n&nbsp;<br />\r\n&nbsp;&nbsp;&nbsp;&nbsp;&nbsp;&nbsp;&nbsp; 伪静态有什么作用？<br />\r\n&nbsp;&nbsp;&nbsp;&nbsp;&nbsp;&nbsp;&nbsp; 有的朋友为了实时的显示一些信息，或者还想运用动态脚本解决一些问题，不能用静态的方式来展示网站内容，但是这就损失了对搜索引擎的友好面，怎么样在两者之间找个中间方法呢？这就产生了伪静态技术。<br />\r\n&nbsp;<br />\r\n&nbsp;&nbsp;&nbsp;&nbsp;&nbsp;&nbsp;&nbsp; 伪静态有什么不足？<br />\r\n&nbsp;&nbsp;&nbsp;&nbsp;&nbsp;&nbsp;&nbsp; 由于伪静态是用正则判断需要跳转到的页面而不是真实页面地址，分辨到底显示哪个页面的责任也由直接指定转由服务器CPU来判断了，所以CPU占有量的上升，确实是伪静态最大的弊病。<br />\r\n&nbsp;<br />\r\n小麦CMS建议：<br />\r\n<br />\r\n&nbsp;&nbsp;&nbsp; 企业网站一般都可以开启伪静态，因为企业站点访问量一般不大，伪静态对CPU的影响也较小，如果访问量大也可以升级服务器来解决。<br />\r\n&nbsp;&nbsp;&nbsp; 根据空间访问速度来选择，如国外空间建议开真实静态，而国内空间访问应该较快，基本都可以选择开启伪静态。<br />\r\n&nbsp;&nbsp;&nbsp; 伪静态与真实静态只可选择一个，因为URL格式不一样，频繁更换会让搜索引擎摸不着北，站点上线后选择其中一种就应该坚持下去。', '2015-01-22', '0', '2', '12', 'zh_cn', '伪静态', 'article', '0', '0', null, null, null);
INSERT INTO `xm_article` VALUES ('77', '企业用网站进行网络宣传的优势', '网络宣传是多维宣传 <br />\r\n&nbsp;&nbsp;&nbsp;&nbsp;&nbsp;&nbsp; 传统媒体是二维的，而网络宣传则是多维的，它能将文字、图像和声音有机的组合在一起，传递多感官的信息，让顾客如身临其境般感受商品或服务。使消费者能亲身体验产品、服务与品牌。这种图、文、声、像相结合的宣传形式，增强了网络宣传的实效。<br />\r\n&nbsp;<br />\r\n&nbsp;&nbsp;&nbsp;&nbsp;&nbsp;&nbsp; 网络宣传拥有最有活力的消费群体<br />\r\n&nbsp;&nbsp;&nbsp;&nbsp;&nbsp;&nbsp; 互联网用户70.54%集中在经济较为发达地区，64%家庭人均月收入高于1000元，85.8%年龄在18岁到35岁之间，83%受过大学以上教育。因此，网络宣传的目标群体是目前社会上层次最高、收入最高、消费能力最高的最具活力的消费群体。这一群体的消费总额往往大于其他消费层次之和。<br />\r\n&nbsp;<br />\r\n&nbsp;&nbsp;&nbsp;&nbsp;&nbsp;&nbsp; 网络宣传制作成本低，速度快，更改灵活<br />\r\n&nbsp;&nbsp;&nbsp;&nbsp;&nbsp;&nbsp; 网络宣传制作周期短，即使在较短的周期进行投放，也可以根据客户的需求很快完成制作，而传统宣传制作成本高，投放周期固定。另外，在传统媒体上做宣传发布后很难更改即使可以改动往往也须付出很大的经济代价。而在互联网上做宣传能够按照客户需要及时变更宣传内容。这样，经营决策的变化就能及时实施和推广。<br />\r\n&nbsp;<br />\r\n&nbsp;&nbsp;&nbsp;&nbsp;&nbsp;&nbsp; 网络宣传具有交互性和纵深性<br />\r\n&nbsp;&nbsp;&nbsp;&nbsp;&nbsp;&nbsp; 交互性强是互联网络媒体的最大的优势，它不同于传统媒体的信息单向传播，而是信息互动传播。通过链接，用户只需简单地点击鼠标，就可以从厂商的相关站点中得到更多、更详尽的信息。另外，用户可以通过网络直接填写并提交在线表单信息，厂商可以随时得到宝贵的用户反馈信息，进一步减少了用户和宣传客户之间的距离。同时，网络宣传可以提供进一步的产品查询需求。<br />\r\n&nbsp;<br />\r\n&nbsp;&nbsp;&nbsp;&nbsp;&nbsp;&nbsp; 网络宣传能进行完善的统计<br />\r\n&nbsp;&nbsp;&nbsp;&nbsp;&nbsp;&nbsp; \"无法衡量的东西就无法管理。\"网络宣传通过及时和精确的统计机制，使用户能够直接对信息的发布进行在线监控。而传统的信息发布形式只能通过并不精确的收视率、发行量等来统计投放的受众数量。<br />\r\n&nbsp;<br />\r\n&nbsp;&nbsp;&nbsp;&nbsp;&nbsp;&nbsp; 网络宣传可以跟踪和衡量宣传的效果<br />\r\n&nbsp;&nbsp;&nbsp;&nbsp;&nbsp;&nbsp; 用户能通过Internet即时衡量宣传的效果。通过监视宣传的浏览量、点击率等指标，用户可以统计出多少人看到了发布的信息，其中有多少人对发布的信息感兴趣进而进一步了解了信息的详细信息。因此，较之其他任何宣传，网络宣传使用户能够更好地跟踪受众的反应，及时了解用户和潜在用户的情况。<br />\r\n&nbsp;<br />\r\n&nbsp;&nbsp;&nbsp;&nbsp;&nbsp;&nbsp; 网络宣传的投放更具有针对性<br />\r\n&nbsp;&nbsp;&nbsp;&nbsp;&nbsp;&nbsp; 通过提供众多的免费服务，网站一般都能建立完整的用户数据库，包括用户的地域分布、年龄、性别、收入、职业、婚姻状况、爱好等。这些资料可帮助用户分析市场与受众，根据信息发布目标受众的特点，有针对性地进行信息发布，并根据用户特点作定点投放和跟踪分析，对投放效果作出客观准确的评价。<br />\r\n另外，网络宣传还可以提供有针对性的内容环境。不同的网站或者是同一网站不同的频道所提供的服务是不同质且具有很强的类分别的，这就为密切迎合用户的兴趣提供了可能。<br />\r\n&nbsp;<br />\r\n&nbsp;&nbsp;&nbsp;&nbsp;&nbsp;&nbsp; 网络宣传的受众关注度高<br />\r\n&nbsp;&nbsp;&nbsp;&nbsp;&nbsp;&nbsp; 据资料显示，电视并不能集中人的注意力，电视观众40%的人同时在阅读，21%的人同时在做家务，13%的人在吃喝，12%的人在玩赏它物，10%在烹饪，9%在写作，8%在打电话。而网上用户55%在使用计算机时不做任何它事，只有6%同时在打电话，只有5%在吃喝，只有4%在写作。<br />\r\n&nbsp;<br />\r\n&nbsp;&nbsp;&nbsp;&nbsp;&nbsp;&nbsp; 网络宣传缩短了媒体投放的进程<br />\r\n&nbsp;&nbsp;&nbsp;&nbsp;&nbsp;&nbsp; 用户在传统媒体上进行市场推广一般要经过三个阶段：市场开发期、市场巩固期和市场维持期。在这三个阶段中，厂商要首先获取注意力，创立品牌知名度；在消费者获得品牌的初步信息后，推广更为详细的产品信息。然后是建立和消费者之间较为牢固的联系，以建立品牌忠诚。而互联网将这三个阶段合并在一次信息发布中实现：消费者看到网络宣传，点击后获得详细信息，并填写用户资料或直接参与用户的市场活动甚至直接在网上实施购买行为。<br />\r\n&nbsp;<br />\r\n&nbsp;&nbsp;&nbsp;&nbsp;&nbsp;&nbsp; 网络宣传传播范围广、不受时空限制<br />\r\n&nbsp;&nbsp;&nbsp;&nbsp;&nbsp;&nbsp; 通过国际互联网络，网络宣传可以将信息24小时不间断地传播到世界的每一个角落。只要具备上网条件，任何人，在任何地点都可以阅读。这是传统媒体无法达到的。<br />\r\n&nbsp;<br />\r\n&nbsp;&nbsp;&nbsp;&nbsp;&nbsp;&nbsp; 网络宣传具有可重复性和可检索性<br />\r\n&nbsp;&nbsp;&nbsp;&nbsp;&nbsp;&nbsp; 网络宣传可以将文字、声音、画面完美地结合之后供用户主动检索，重复观看。而与之相比电视宣传却是让用户被动地接受宣传内容。如果错过宣传时间，就不能再得到发布信息。另外，显而易见，较之网络宣传的检索平面宣传的检索要费时、费事的多。<br />\r\n&nbsp;<br />\r\n&nbsp;&nbsp;&nbsp;&nbsp;&nbsp;&nbsp; 网络宣传具有价格优势<br />\r\n&nbsp;&nbsp;&nbsp;&nbsp;&nbsp;&nbsp; 从价格方面考虑，与报纸杂志或电视宣传相比，目前网络宣传费用还是较为低廉的。获得同等的宣传效应，网络宣传的有效千人成本远远低于传统宣传媒体。一个宣传主页一年的费用大致为几千元人民币，而且主页内容可以随企业经营决策的变更随时改变，这是传统宣传媒体不可想像的。网络宣传将成为企业市场推广必不可少的高效途径。', '2015-01-22', '0', '2', '12', 'zh_cn', '网络宣传的优势', 'article', '0', '0', null, null, null);
INSERT INTO `xm_article` VALUES ('78', '如何开发安全的Web应用', '开发出一个Web应用程序不难，难的是如何开发安全的Web应用。我们经常看到这样的报道：黑客成功地渗透了一个Web应用。黑客或网络罪犯们也在共享新发现的漏洞，分享他们的成功故事或者对下一个目标的研究。我们不可能保证Web应用程序无法渗透，黑客们已经证明了这一点，那么，该如何保障这些重要的Web应用程序呢?<br />\r\n&nbsp;<br />\r\n1.查询参数化<br />\r\n有许多针对Web应用程序的攻击可追溯到SQL注入攻击。企业、政府、社交Web应用都成为这种攻击的受害者，这使其成为一个普遍的问题。虽然许多人认为这个问题是厂商问题，但从根本上讲这属于开发者的开发问题。<br />\r\n&nbsp;<br />\r\n网页表单的输入框、数据字段或允许自由输入数据的表单区域，特别是开放性的字符串输入，都会导致这种漏洞。SQL注入攻击甚至可以通过非可见的Web元素(如HTTP的header的值)来传递。简单插入恶意的SQL代码，有时会导致整个数据库遭到窃取、清除或篡改的可能，甚至被恶意地运行操作系统命令来破坏企业的数据库。<br />\r\n&nbsp;<br />\r\n为阻止SQL注入，开发者必须防止非可信的输入被解析为SQL命令的一部分。阻止SQL注入的最佳方法是借助使用参数化查询的编程技术。<br />\r\n&nbsp;<br />\r\n2.保证密码的安全<br />\r\n显然，如果SQL注入可被用于窃取密码，就需要我们安全地保存用户密码。但为什么我们没有这样做?<br />\r\n&nbsp;<br />\r\n保存密码的最糟糕的方法当然就是使用纯文本，但是，加盐也不会好很多。原因在于加盐是可逆的，还有一个原因就是MD5或者任何其它的哈希算法都是有问题的。当今的黑客们可以访问强大但并非十分昂贵的计算资源，这可以使他们创建甚至购买“彩虹表”，从而可以实时地破译一般强度的密码。如今，黑客们甚至不再使用彩虹表，转而使用高性能的家用计算机去执行高速度的字典攻击。密码加密技术是一种有助于对付彩虹表攻击和删除密码哈希重复数据的编码技术，但仅有这种技术是不够的。<br />\r\n&nbsp;<br />\r\n利用有限的资源，攻击者可以生成GPU破解程序，针对存储密码，它每秒钟可以执行250亿次密码尝试。<br />\r\n&nbsp;<br />\r\n为存储密码和防止GPU破解程序和类似的资源暴露密码，我们建议结合三种主要技术：采用单向算法、加盐、有意利用慢速算法。有两个很好的算法，SCRYPT和PBKDF2可用来以这种形式安全地存储密码。<br />\r\n&nbsp;<br />\r\n3. 输出编码的XSS防御<br />\r\n&nbsp;<br />\r\n跨站脚本攻击(XSS)有一个更合适的名字，即JavaScript劫持，它可被用于会话劫持、站点破坏、网络扫描、破坏CSRF防御、站点重定向或钓鱼、远程托管脚本的加载、数据窃取和击键记录等，而且，攻击者还越来越频繁地使用XSS。<br />\r\n&nbsp;<br />\r\n输出编码是一种用于阻止XSS的关键编程技术，这种技术在输出时执行。在你构建用户界面时，这种编码可以在不可信的数据被动态添加到HTML之前的最后时刻执行。<br />\r\n&nbsp;<br />\r\n首要的规则是拒绝所有，也就是不要将不可信任的数据放置到HTML文档中，除非满足特殊情况。最重要的是，千万不要接受来自不可信源的JavaScript代码。<br />\r\n&nbsp;<br />\r\n4. 内容安全策略<br />\r\n&nbsp;<br />\r\n内容安全策略是一种新出现的浏览器标准。其基本理念在于创造一种标准化的框架，实现基于浏览器的保护，从而只需花费开发者用较少的工作就可以阻止XSS攻击。<br />\r\n&nbsp;<br />\r\n为了使内容安全策略有效，嵌入到HTML中的所有JavaScript都需要清除，并部署在一个独立的外部JavaScript文件中。从这一点来看，如果能够理解内容安全策略的浏览器检测到了HTML文档中嵌入的JavaScript(例如，黑客试图插入这种脚本)，该操作将被拒绝。这种做法能真正地锁定浏览器，防止许多形式的XSS攻击。<br />\r\n&nbsp;<br />\r\n5. 防止跨站脚本请求伪造<br />\r\n&nbsp;<br />\r\n一旦用户登录了一个安全站点，然后打开了另一个链接并无意中登录了一个恶意Web应用，该问题站点可能包含有跨站请求。然后，该恶意站点可能提交虚假请求，带来重大危害，如欺骗用户将金钱从银行Web应用转账。<br />\r\n&nbsp;<br />\r\n为防止这类攻击，开发者需要考虑部署加密令牌，并要求用户重新进行身份验证才能完成交易，从而防止会话劫持。<br />\r\n&nbsp;<br />\r\n虽然上述步骤并不能根除现有的每个漏洞，但这些措施却有助于提升Web应用的安全性。', '2015-01-22', '0', '2', '12', 'zh_cn', '安全的Web应用', 'article', '0', '0', null, null, null);
INSERT INTO `xm_article` VALUES ('79', 'Web应用程序的特点', '<p>\r\n	随着互联网的高速发展，Web应用越来越受到重视，那Web应用程序的特点主要有什么呢？\r\n</p>\r\n<p>\r\n	<br />\r\n</p>\r\n&nbsp;&nbsp;&nbsp;&nbsp;&nbsp;&nbsp; 1. 无需安装。若想使用Web应用程序，只需在网页浏览器中访问其URL即可。无论是什么样的操作系统，每一个用户都可以在几秒钟内访问Web应用程序。<br />\r\n&nbsp;<br />\r\n&nbsp;&nbsp;&nbsp;&nbsp;&nbsp;&nbsp; 2. 始终是最新的。无需安装就没有升级过程。每次访问Web应用程序，都会免费获得最新版本。<br />\r\n&nbsp;<br />\r\n&nbsp;&nbsp;&nbsp;&nbsp;&nbsp;&nbsp; 3. 跨平台。由于Web是依据开放标准建立的，所以每个人都可以开发Web浏览器。Web目标是成为真正的“一次编写随处可用”的软件。<br />\r\n&nbsp;<br />\r\n&nbsp;&nbsp;&nbsp;&nbsp;&nbsp;&nbsp; 4. 网络效应。Web应用程序无需获得准许也可以将彼此联系在一起。每一个链接可以像其他链接那样工作。由于URL在全世界都可以分享，“如病毒般迅速传播”的概念才会存在。<br />\r\n&nbsp;<br />\r\n&nbsp;&nbsp;&nbsp;&nbsp;&nbsp;&nbsp; 5. 足够快。在桌面端，硬件进步往往会让设备的运行速度越来越快，最终导致一个转折点：对于大多数软件而言，Web应用程序在大多数时候都够快。它们在功能上相当于原生应用。', '2015-01-22', '0', '2', '12', 'zh_cn', 'Web应用程序', 'article', '0', '0', null, null, null);
INSERT INTO `xm_article` VALUES ('80', '企业网站建设如何命名域名？', '域名是用户对网站的第一印象，能否让用户迅速记住域名对网站发展非常重要。建议注册域名时选择容易让用户记忆、容易产生信任感的域名，这样可以提高回头率，并方便用户推荐。企业网站建设如何命名域名？<br />\r\n&nbsp;<br />\r\n域名尽量简短，越短的域名，用户的记忆成本就越低；<br />\r\n&nbsp;<br />\r\n域名可以和网站主题或网站名称相呼应，让人看到域名就能联想到网站内容，比如使用公司名称、商标、网站名称或者公司产品等信息来选择域名；<br />\r\n&nbsp;<br />\r\n使用何种形式的域名后缀对百度网页搜索没有影响，但域名后缀也需要考虑方便用户记忆。.com、.cn、.net等常见的域名后缀用户更容易记忆，一些不常见的后缀可能会让用户产生不信任感，增加用户的判断成本。', '2015-01-22', '0', '2', '12', 'zh_cn', '命名域名', 'article', '0', '0', null, null, null);
INSERT INTO `xm_article` VALUES ('81', '如何节省网站空间？', '很多客户常常问道为什么网站打开越来越慢，那么如何节省网站的空间呢？是不是要少发布文章限定字数呢？下面来为大家分享一个节省网站空间的方法。其实打开网站最快的就是文字了，1k=1024字节，1个字占用2个字节，所以1K相当于512个汉字，一张100K的图片，理论上相当于五万多个汉字了。因此导致网站访问慢有部分原因是因为网站上传的图片过多。<br />\r\n<br />\r\n&nbsp;<br />\r\n&nbsp;&nbsp;&nbsp;&nbsp;&nbsp;&nbsp; 一般图片尽量不要使用.bmp后缀的，因为比较大，最好要转成jpg，转成gif会更小点但是颜色可能会丢失，所以用windows自带的画图软件将图片打开然后另存为jpg即可。另外还可以使用fireworks处理图片，导出的时候可以选择合适的格式和压缩率，大大减小图片的字节数。<br />\r\n&nbsp;<br />\r\n&nbsp;&nbsp;&nbsp;&nbsp;&nbsp;&nbsp; 如果图片是链接别处的，那就更加不会占用本站空间的。打个比方，一个新网站配置的空间为600m，如果以一张图片100k计算，web空间可以上传3000张的图片。对于大多数用户已经足够了。<br />\r\n&nbsp;<br />\r\n&nbsp;&nbsp;&nbsp;&nbsp;&nbsp;&nbsp; 如果有的用户希望能上传更多的图片，上传图片时可以选择“填写网址”，也就是连接外部图片,不是从本地电脑上传，这样就不占用您的空间。<br />\r\n&nbsp;<br />\r\n&nbsp;&nbsp;&nbsp;&nbsp;&nbsp;&nbsp; 具体方法如下：<br />\r\n&nbsp;<br />\r\n&nbsp;&nbsp;&nbsp;&nbsp;&nbsp;&nbsp; 1.注册一个网络相册，上传商品图片<br />\r\n&nbsp;<br />\r\n&nbsp;&nbsp;&nbsp;&nbsp;&nbsp;&nbsp; 2.如果知道该图片的网页地址？在网络相册上上传发布图片后，鼠标放到图片上，点击右键，进入属性，可以看到地址(URL) 复制该项后的地址。<br />\r\n&nbsp;<br />\r\n&nbsp;&nbsp;&nbsp;&nbsp;&nbsp;&nbsp; 3.任何加入到网站后台？ 登录网站后台-内容管理-产品中心-添加内容，其中产品图片，缩略图两项选择填写网址，粘贴复制的图片的URL地址即可。<br />\r\n&nbsp;<br />\r\n&nbsp;&nbsp;&nbsp;&nbsp;&nbsp;&nbsp; 用该方法，前台浏览图片显示和上传的完全相同。', '2015-01-22', '0', '2', '12', 'zh_cn', '节省网站空间', 'article', '0', '0', null, null, null);
INSERT INTO `xm_article` VALUES ('82', '移动互联网有什么特点与优势？', '我们近几年经常听说移动互联网这个词，那么究竟什么是移动互联网呢？移动互联网有什么特点与优势呢？<br />\r\n&nbsp;<br />\r\n&nbsp;&nbsp;&nbsp;&nbsp;&nbsp;&nbsp; 移动互联网，就是将移动通信和互联网二者结合起来，成为一体。移动互联网是移动网和互联网融合的产物，移动互联网业务呈现出移动通信业务与互联网业务相互融合的特征。4G时代的开启以及移动终端设备的凸显必将为移动互联网的发展注入巨大的能量，2014年移动互联网产业必将带来前所未有的飞跃。<br />\r\n&nbsp;<br />\r\n移动互联网的特点<br />\r\n&nbsp;&nbsp;&nbsp;&nbsp;&nbsp;&nbsp; 1.用户体验至上：如果一个商品或一项服务想要成功，在移动互联网时代，谁更加了解消费者的需求，如何了解消费者体现简单、精准的用户体验上，将决定其爆炸能量的大小，必须从与消费者发生第一点接触开始，越精确越好。<br />\r\n&nbsp;<br />\r\n&nbsp;&nbsp;&nbsp;&nbsp;&nbsp;&nbsp; 2.盈利策略不可急功近利：这些客户可能只用过手机的简单功能，盈利模式的策略上，需要企业性化和简单易懂的指引，移动互联网的强大平台，已经成为全方位、立体式。<br />\r\n&nbsp;<br />\r\n&nbsp;&nbsp;&nbsp;&nbsp;&nbsp;&nbsp; 3.找到业务的核心竞争力：这个物品和这个物品的位置密切相关的信息，最有杀伤性的形式，这种集定位、搜索和精确数据库功能的服务必定将手机提升到改变世界的境界。森合万源的创新是颠覆性的，所谓的核心竞争力也只是暂时的。在产业链竞争中处于相对被动的情况下，握在你手中最大的砝码就是市场占有率和业务创新能力，市场占有率让你有更大的话语权和议价资格，业务创新能力则决定了自己的“卖点”。<br />\r\n&nbsp;<br />\r\n&nbsp;&nbsp;&nbsp;&nbsp;&nbsp;&nbsp; 4.把握移动营销新模型：移动互联网的一个品牌文化，移动互联网的营销模型与传统营销最大的不同，通过口碑传播吸引更多的客户，随之让参与互动，移动互联网的营销模型与传统营销最大的不同，就是直接让正确的客户为企业说正确的话，冷冰冰的广告式营销终将在这个时代里慢慢衰退。<br />\r\n&nbsp;<br />\r\n&nbsp;&nbsp;&nbsp;&nbsp;&nbsp;&nbsp; 5.整合产业链之外的资源：只要能把握移动互联网的前提，抓住行业强势资源，相关节点进行有效的整合产业的资源。<br />\r\n&nbsp;<br />\r\n移动互联网的优势<br />\r\n&nbsp;&nbsp;&nbsp;&nbsp;&nbsp;&nbsp; 1.高便携性：<br />\r\n&nbsp;&nbsp;&nbsp;&nbsp;&nbsp;&nbsp; 除了睡眠时间，移动设备一般都以远高于PC的使用时间伴随在其主人身边。这个特点决定了，使用移动设备上网，可以带来PC上网无可比拟的优越性，即沟通与资讯的获取远比PC设备方便。<br />\r\n&nbsp;<br />\r\n&nbsp;&nbsp;&nbsp;&nbsp;&nbsp;&nbsp; 2.隐私性：<br />\r\n&nbsp;&nbsp;&nbsp;&nbsp;&nbsp;&nbsp; 移动设备用户的隐私性远高于PC端用户的要求。不需要考虑通讯运营商与设备商在技术上如何实现它，高隐私性决定了移动互联网终端应用的特点——数据共享时即保障认证客户的有效性，也要保证信息的安全性。这就不同于互联网公开透明开放的特点。互联网下，PC端系统的用户信息是可以被搜集的。而移动通讯用户上网显然是不需要自己设备上的信息给他人知道甚至共享。<br />\r\n&nbsp;<br />\r\n&nbsp;&nbsp;&nbsp;&nbsp;&nbsp;&nbsp; 3.应用轻便：<br />\r\n&nbsp;&nbsp;&nbsp;&nbsp;&nbsp;&nbsp; 除了长篇大论，休闲沟通外，能够用语音通话的就用语音通话解决。移动设备通讯的基本功能代表了移动设备方便、快捷的特点。而延续这一特点及设备制造的特点，移动通讯用户不会接受在移动设备上采取复杂的类似PC输入端的操作——用户的手指情愿用“指手划脚”式的肢体语言去控制设备，也不愿意在巴掌方寸大小的设备上去输入26个英文字母长时间去沟通，或者打一篇千字以上的文章。<br />\r\n&nbsp;<br />\r\n移动互联网的发展<br />\r\n&nbsp;&nbsp;&nbsp;&nbsp;&nbsp;&nbsp; 1. 移动互联网正以一种极快的速度发展着，同时也极大的丰富了我们的生活。<br />\r\n&nbsp;<br />\r\n&nbsp;&nbsp;&nbsp;&nbsp;&nbsp;&nbsp; 2.移动互联网的发展让我的生活更加的丰富和便利。手机不仅仅只是一个打电话、接电话的工具。<br />\r\n&nbsp;<br />\r\n&nbsp;&nbsp;&nbsp;&nbsp;&nbsp;&nbsp; 3.手机短信功能让我可以更加方便的与朋友交流、联系，而不仅仅局限于打电话，让我节省了不少费用。<br />\r\n&nbsp;<br />\r\n&nbsp;&nbsp;&nbsp;&nbsp;&nbsp;&nbsp; 4.通过手机我可以24小时与朋友网上联系，QQ、校内网等等不仅仅是传统互联网拥有的专利了。不必像往常一样坐于电脑前，我同样能和朋友谈天说地。<br />\r\n&nbsp;<br />\r\n&nbsp;&nbsp;&nbsp;&nbsp;&nbsp;&nbsp; 5.现在各大商家都转战移动互联网，一场场商业战争都在移动互联网中打响。甚至越来越多的企业都已经将作为企业形象的企业网站扩展到了移动互联网中，如国内专业为企业网站开发的企业网站系统——小麦CMS企业网站系统已经内置手机网站系统了。<br />\r\n&nbsp;&nbsp;&nbsp;&nbsp;&nbsp; &nbsp;<br />\r\n&nbsp;&nbsp;&nbsp;&nbsp;&nbsp;&nbsp; 截至2014年1月，我国移动互联网用户总数达8.38亿户，在移动电话用户中的渗透率达67.8%；手机网民规模达5亿，占总网民数的八成多，手机保持第一大上网终端地位。种种迹象表明，现今移动互联网发展已进入全民时代。<br />\r\n&nbsp;&nbsp;&nbsp;&nbsp;&nbsp; &nbsp;<br />\r\n&nbsp;&nbsp;&nbsp;&nbsp;&nbsp;&nbsp; 不论是传统企业还是高新技术企业，步入移动互联网不是想不想、愿不愿的问题，而是何时进，以何种方式进的问题。', '2015-01-22', '0', '2', '13', 'zh_cn', '移动互联网', 'article', '0', '0', null, null, null);
INSERT INTO `xm_article` VALUES ('83', 'JAVA软件工程师', '<div>\r\n	工作内容：\r\n</div>\r\n<div>\r\n	1、参与系统开发中各个阶段的工作\r\n</div>\r\n<div>\r\n	2、负责系统中某些功能模块的开发和维护\r\n</div>\r\n<div>\r\n	3、与团队中其他成员合作，解决软件开发中遇到的问题\r\n</div>\r\n<div>\r\n	4、编写清晰完整的系统功能文档和设计文档\r\n</div>\r\n<br />\r\n<div>\r\n	任职资格：\r\n</div>\r\n<div>\r\n	1、良好的 Java/Servlet 基础、数据结构基础、计算机原理基础。\r\n</div>\r\n<div>\r\n	2、计算机及相关专业毕业；\r\n</div>\r\n<div>\r\n	3、2年以上开发经验，对技术工作有浓厚的兴趣，喜爱开发工作\r\n</div>\r\n<div>\r\n	4、具备软件从业人员的优秀品质，如敬业、钻研、互助等精神\r\n</div>\r\n<div>\r\n	5、良好的团队工作意识和沟通能力\r\n</div>', '2015-01-22', '0', '2', '7', 'zh_cn', 'JAVA软件工程师', 'job', '0', '0', null, null, null);
INSERT INTO `xm_article` VALUES ('84', '行政文员', '工作职责：<br />\r\n<br />\r\n1、根据办公室领导的要求，完成有关报告、文稿的起草、修改工作。完成打字、复印及传真等工作;<br />\r\n2、做好日常电话接待工作。完成行政办公会议的书面记录、整理;<br />\r\n3、完成各类文件的收集、整理、立卷、装订、归档等保管工作<br />\r\n<br />\r\n任职资格：<br />\r\n1、本科以上学历，旅游管理、工商管理专业者优先；<br />\r\n2、沟通和协调能力强，变通性能力强；<br />\r\n3、认可企业的核心价值观。<br />', '2015-01-22', '1', '2', '7', 'zh_cn', '行政文员', 'job', '0', '0', null, null, null);
INSERT INTO `xm_article` VALUES ('85', '软件测试工程师', '职位要求：<br />\r\n1、计算机相关专业本科及以上学历，具备1年以上的软件测试工作经验。<br />\r\n2、熟悉软件开发流程，精通软件测试流程和方法，能独立编写测试计划、测试用例及测试报告。<br />\r\n3、熟悉手机端应用的测试，有相关工作经验的优先考虑。<br />\r\n4、熟悉至少一种流行的数据库系统的使用和管理，熟悉Oracle数据库的优先考虑。<br />\r\n5、熟悉SQL语句的编写<br />\r\n6、熟练使用一种以上主流自动化测试工具或性能测试工具的优先考虑。如QTP，loadRunner,jmeter等<br />\r\n7、熟悉Linux，Windows操作系统，J2EE相关环境，能够根据需求快速部署测试环境。<br />\r\n8、良好的发现问题的能力，良好的沟通能力和团队合作精神。<br />\r\n9、工作细心、耐心，具备较强的责任感及进取精神，能承担较大的工作压力。<br />\r\n<br />\r\n岗位职责：<br />\r\n1、编写测试用例、搭建测试环境、执行测试用例<br />\r\n2、Bug提交及回归测试', '2015-01-22', '1', '2', '7', 'zh_cn', '软件测试', 'job', '0', '0', null, null, null);
INSERT INTO `xm_article` VALUES ('86', '数据库工程师', '职位描述：<br />\r\n1.数据库（Oracle，SqlServer，MySql）的管理、备份、同步，构筑和监控;<br />\r\n2.有相关数据库性能优化、迁移升级;<br />\r\n3.数据的清理、分类和整合工作;<br />\r\n4.能编写数据库脚本，配合开发工作;<br />\r\n<br />\r\n职位要求：<br />\r\n1.大专以上学历，2年以上相关工作经验；<br />\r\n2.深入了解数据库体系架构及数据库理论，精通数据库的各项技术，包括性能调优、备份恢复策略的制定与实施、故障诊断,安全漏洞检测及防御等；<br />\r\n3.精通Sql语句，能熟练编写/调试存储过程、函数、触发器，具备一定的Sql语句优化经验；', '2015-01-22', '1', '2', '7', 'zh_cn', '数据库工程师', 'job', '0', '0', null, null, null);
INSERT INTO `xm_article` VALUES ('87', '案例一', '<p>\r\n	<img src=\"attached/image/image/20150123/20150123024639_70606.png\" alt=\"\" />\r\n</p>\r\n<p>\r\n	案例描述案例描述案例描述案例描述案例描述案例描述案例描述案例描述案例描述案例描述案例描述案例描述案例描述案例描述案例描述案例描述案例描述案例描述案例描述案例描述案例描述案例描述案例描述案例描述案例描述案例描述案例描述案例描述案例描述案例描述案例描述案例描述案例描述案例描述案例描述案例描述案例描述案例描述案例描述案例描述案例描述案例描述案例描述案例描述案例描述案例描述案例描述案例描述案例描述案例描述案例描述案例描述案例描述案例描述案例描述案例描述案例描述案例描述案例描述案例描述案例描述案例描述案例描述案例描述案例描述案例描述案例描述案例描述案例描述案例描述案例描述案例描述案例描述案例描述案例描述案例描述案例描述案例描述案例描述案例描述案例描述案例描述案例描述案例描述案例描述案例描述案例描述案例描述案例描述案例描述案例描述案例描述案例描述案例描述案例描述案例描述案例描述案例描述案例描述案例描述案例描述案例描述案例描述案例描述案例描述案例描述案例描述案例描述案例描述案例描述案例描述案例描述案例描述案例描述案例描述案例描述案例描述案例描述案例描述案例描述案例描述案例描述案例描述案例描述案例描述案例描述案例描述案例描述案例描述案例描述案例描述案例描述案例描述案例描述案例描述案例描述案例描述案例描述案例描述案例描述案例描述案例描述案例描述案例描述案例描述案例描述案例描述案例描述案例描述案例描述案例描述案例描述案例描述案例描述案例描述案例描述案例描述案例描述案例描述案例描述案例描述案例描述案例描述案例描述案例描述案例描述案例描述案例描述案例描述案例描述案例描述案例描述案例描述案例描述案例描述案例描述案例描述案例描述案例描述案例描述\r\n</p>', '2015-01-23', '0', '2', '6', 'zh_cn', '案例', 'image', '0', '0', null, '1', '1');
INSERT INTO `xm_article` VALUES ('88', '案例二', '<p>\r\n	<img src=\"attached/image/image/20150123/20150123024833_32156.png\" alt=\"\" />\r\n</p>\r\n<p>\r\n	案例描述案例描述案例描述案例描述案例描述案例描述案例描述案例描述案例描述案例描述案例描述案例描述案例描述案例描述案例描述案例描述案例描述案例描述案例描述案例描述案例描述案例描述案例描述案例描述案例描述案例描述案例描述案例描述案例描述案例描述案例描述案例描述案例描述案例描述案例描述案例描述案例描述案例描述案例描述案例描述案例描述案例描述案例描述案例描述案例描述案例描述案例描述案例描述案例描述案例描述案例描述案例描述案例描述案例描述案例描述案例描述案例描述案例描述案例描述案例描述案例描述案例描述案例描述案例描述案例描述案例描述案例描述案例描述案例描述案例描述案例描述案例描述案例描述案例描述案例描述案例描述案例描述案例描述案例描述案例描述案例描述案例描述案例描述案例描述案例描述案例描述案例描述案例描述案例描述案例描述案例描述案例描述案例描述案例描述案例描述案例描述案例描述案例描述案例描述案例描述案例描述案例描述案例描述案例描述案例描述案例描述案例描述案例描述案例描述案例描述案例描述案例描述案例描述案例描述案例描述案例描述案例描述案例描述案例描述案例描述案例描述案例描述案例描述案例描述案例描述案例描述案例描述案例描述案例描述案例描述案例描述案例描述案例描述案例描述案例描述案例描述案例描述案例描述案例描述案例描述案例描述案例描述案例描述案例描述案例描述案例描述案例描述案例描述案例描述案例描述案例描述案例描述案例描述案例描述案例描述案例描述案例描述案例描述案例描述案例描述案例描述案例描述案例描述案例描述案例描述案例描述案例描述案例描述案例描述案例描述案例描述案例描述案例描述案例描述案例描述案例描述案例描述案例描述案例描述案例描述\r\n</p>', '2015-01-23', '0', '2', '6', 'zh_cn', '案例', 'image', '0', '0', null, '1', '1');
INSERT INTO `xm_article` VALUES ('89', '案例三', '<p>\r\n	<img src=\"attached/image/image/20150123/20150123025003_13515.png\" alt=\"\" />\r\n</p>\r\n<p>\r\n	案例描述案例描述案例描述案例描述案例描述案例描述案例描述案例描述案例描述案例描述案例描述案例描述案例描述案例描述案例描述案例描述案例描述案例描述案例描述案例描述案例描述案例描述案例描述案例描述案例描述案例描述案例描述案例描述案例描述案例描述案例描述案例描述案例描述案例描述案例描述案例描述案例描述案例描述案例描述案例描述案例描述案例描述案例描述案例描述案例描述案例描述案例描述案例描述案例描述案例描述案例描述案例描述案例描述案例描述案例描述案例描述案例描述案例描述案例描述案例描述案例描述案例描述案例描述案例描述案例描述案例描述案例描述案例描述案例描述案例描述案例描述案例描述案例描述案例描述案例描述案例描述案例描述案例描述案例描述案例描述案例描述案例描述案例描述案例描述案例描述案例描述案例描述案例描述案例描述案例描述案例描述案例描述案例描述案例描述案例描述案例描述案例描述案例描述案例描述案例描述案例描述案例描述案例描述案例描述案例描述案例描述案例描述案例描述案例描述案例描述案例描述案例描述案例描述案例描述案例描述案例描述案例描述案例描述案例描述案例描述案例描述案例描述案例描述案例描述案例描述案例描述案例描述案例描述案例描述案例描述案例描述案例描述案例描述案例描述案例描述案例描述案例描述案例描述案例描述案例描述案例描述案例描述案例描述案例描述案例描述案例描述案例描述案例描述案例描述案例描述案例描述案例描述案例描述案例描述案例描述案例描述案例描述案例描述案例描述案例描述案例描述案例描述案例描述案例描述案例描述案例描述案例描述案例描述案例描述案例描述案例描述案例描述案例描述案例描述案例描述案例描述案例描述案例描述案例描述案例描述\r\n</p>', '2015-01-23', '0', '2', '6', 'zh_cn', '案例', 'image', '0', '0', null, '1', '1');
INSERT INTO `xm_article` VALUES ('90', '案例四', '<p>\r\n	<img src=\"attached/image/image/20150123/20150123025153_67109.png\" alt=\"\" />\r\n</p>\r\n<p>\r\n	案例描述案例描述案例描述案例描述案例描述案例描述案例描述案例描述案例描述案例描述案例描述案例描述案例描述案例描述案例描述案例描述案例描述案例描述案例描述案例描述案例描述案例描述案例描述案例描述案例描述案例描述案例描述案例描述案例描述案例描述案例描述案例描述案例描述案例描述案例描述案例描述案例描述案例描述案例描述案例描述案例描述案例描述案例描述案例描述案例描述案例描述案例描述案例描述案例描述案例描述案例描述案例描述案例描述案例描述案例描述案例描述案例描述案例描述案例描述案例描述案例描述案例描述案例描述案例描述案例描述案例描述案例描述案例描述案例描述案例描述案例描述案例描述案例描述案例描述案例描述案例描述案例描述案例描述案例描述案例描述案例描述案例描述案例描述案例描述案例描述案例描述案例描述案例描述案例描述案例描述案例描述案例描述案例描述案例描述案例描述案例描述案例描述案例描述案例描述案例描述案例描述案例描述案例描述案例描述案例描述案例描述案例描述案例描述案例描述案例描述案例描述案例描述案例描述案例描述案例描述案例描述案例描述案例描述案例描述案例描述案例描述案例描述案例描述案例描述案例描述案例描述案例描述案例描述案例描述案例描述案例描述案例描述案例描述案例描述案例描述案例描述案例描述案例描述案例描述案例描述案例描述案例描述案例描述案例描述案例描述案例描述案例描述案例描述案例描述案例描述案例描述案例描述案例描述案例描述案例描述案例描述案例描述案例描述案例描述案例描述案例描述案例描述案例描述案例描述案例描述案例描述案例描述案例描述案例描述案例描述案例描述案例描述案例描述案例描述案例描述案例描述案例描述案例描述案例描述案例描述\r\n</p>', '2015-01-23', '0', '2', '6', 'zh_cn', '案例四', 'image', '0', '0', null, '1', '1');
INSERT INTO `xm_article` VALUES ('91', '案例五', '<p>\r\n	<img src=\"attached/image/image/20150123/20150123025312_34955.png\" alt=\"\" />\r\n</p>\r\n<p>\r\n	案例描述案例描述案例描述案例描述案例描述案例描述案例描述案例描述案例描述案例描述案例描述案例描述案例描述案例描述案例描述案例描述案例描述案例描述案例描述案例描述案例描述案例描述案例描述案例描述案例描述案例描述案例描述案例描述案例描述案例描述案例描述案例描述案例描述案例描述案例描述案例描述案例描述案例描述案例描述案例描述案例描述案例描述案例描述案例描述案例描述案例描述案例描述案例描述案例描述案例描述案例描述案例描述案例描述案例描述案例描述案例描述案例描述案例描述案例描述案例描述案例描述案例描述案例描述案例描述案例描述案例描述案例描述案例描述案例描述案例描述案例描述案例描述案例描述案例描述案例描述案例描述案例描述案例描述案例描述案例描述案例描述案例描述案例描述案例描述案例描述案例描述案例描述案例描述案例描述案例描述案例描述案例描述案例描述案例描述案例描述案例描述案例描述案例描述案例描述案例描述案例描述案例描述案例描述案例描述案例描述案例描述案例描述案例描述案例描述案例描述案例描述案例描述案例描述案例描述案例描述案例描述案例描述案例描述案例描述案例描述案例描述案例描述案例描述案例描述案例描述案例描述案例描述案例描述案例描述案例描述案例描述案例描述案例描述案例描述案例描述案例描述案例描述案例描述案例描述案例描述案例描述案例描述案例描述案例描述案例描述案例描述案例描述案例描述案例描述案例描述案例描述案例描述案例描述案例描述案例描述案例描述案例描述案例描述案例描述案例描述案例描述案例描述案例描述案例描述案例描述案例描述案例描述案例描述案例描述案例描述案例描述案例描述案例描述案例描述案例描述案例描述案例描述案例描述案例描述案例描述\r\n</p>', '2015-01-23', '0', '2', '6', 'zh_cn', '案例五', 'image', '0', '0', null, '1', '1');
INSERT INTO `xm_article` VALUES ('92', '案例六', '<p>\r\n	<img src=\"attached/image/image/20150123/20150123025501_44362.png\" alt=\"\" />\r\n</p>\r\n<p>\r\n	案例描述案例描述案例描述案例描述案例描述案例描述案例描述案例描述案例描述案例描述案例描述案例描述案例描述案例描述案例描述案例描述案例描述案例描述案例描述案例描述案例描述案例描述案例描述案例描述案例描述案例描述案例描述案例描述案例描述案例描述案例描述案例描述案例描述案例描述案例描述案例描述案例描述案例描述案例描述案例描述案例描述案例描述案例描述案例描述案例描述案例描述案例描述案例描述案例描述案例描述案例描述案例描述案例描述案例描述案例描述案例描述案例描述案例描述案例描述案例描述案例描述案例描述案例描述案例描述案例描述案例描述案例描述案例描述案例描述案例描述案例描述案例描述案例描述案例描述案例描述案例描述案例描述案例描述案例描述案例描述案例描述案例描述案例描述案例描述案例描述案例描述案例描述案例描述案例描述案例描述案例描述案例描述案例描述案例描述案例描述案例描述案例描述案例描述案例描述案例描述案例描述案例描述案例描述案例描述案例描述案例描述案例描述案例描述案例描述案例描述案例描述案例描述案例描述案例描述案例描述案例描述案例描述案例描述案例描述案例描述案例描述案例描述案例描述案例描述案例描述案例描述案例描述案例描述案例描述案例描述案例描述案例描述案例描述案例描述案例描述案例描述案例描述案例描述案例描述案例描述案例描述案例描述案例描述案例描述案例描述案例描述案例描述案例描述案例描述案例描述案例描述案例描述案例描述案例描述案例描述案例描述案例描述案例描述案例描述案例描述案例描述案例描述案例描述案例描述案例描述案例描述案例描述案例描述案例描述案例描述案例描述案例描述案例描述案例描述案例描述案例描述案例描述案例描述案例描述案例描述\r\n</p>', '2015-01-23', '0', '2', '6', 'zh_cn', '案例六', 'image', '0', '0', null, '1', '1');
INSERT INTO `xm_article` VALUES ('93', '案例七', '<p>\r\n	<img src=\"attached/image/image/20150123/20150123030257_13545.png\" alt=\"\" />\r\n</p>\r\n<p>\r\n	案例描述案例描述案例描述案例描述案例描述案例描述案例描述案例描述案例描述案例描述案例描述案例描述案例描述案例描述案例描述案例描述案例描述案例描述案例描述案例描述案例描述案例描述案例描述案例描述案例描述案例描述案例描述案例描述案例描述案例描述案例描述案例描述案例描述案例描述案例描述案例描述案例描述案例描述案例描述案例描述案例描述案例描述案例描述案例描述案例描述案例描述案例描述案例描述案例描述案例描述案例描述案例描述案例描述案例描述案例描述案例描述案例描述案例描述案例描述案例描述案例描述案例描述案例描述案例描述案例描述案例描述案例描述案例描述案例描述案例描述案例描述案例描述案例描述案例描述案例描述案例描述案例描述案例描述案例描述案例描述案例描述案例描述案例描述案例描述案例描述案例描述案例描述案例描述案例描述案例描述案例描述案例描述案例描述案例描述案例描述案例描述案例描述案例描述案例描述案例描述案例描述案例描述案例描述案例描述案例描述案例描述案例描述案例描述案例描述案例描述案例描述案例描述案例描述案例描述案例描述案例描述案例描述案例描述案例描述案例描述案例描述案例描述案例描述案例描述案例描述案例描述案例描述案例描述案例描述案例描述案例描述案例描述案例描述案例描述案例描述案例描述案例描述案例描述案例描述案例描述案例描述案例描述案例描述案例描述案例描述案例描述案例描述案例描述案例描述案例描述案例描述案例描述案例描述案例描述案例描述案例描述案例描述案例描述案例描述案例描述案例描述案例描述案例描述案例描述案例描述案例描述案例描述案例描述案例描述案例描述案例描述案例描述案例描述案例描述案例描述案例描述案例描述案例描述案例描述案例描述\r\n</p>', '2015-01-23', '0', '2', '6', 'zh_cn', '案例七', 'image', '0', '0', null, '1', '1');
INSERT INTO `xm_article` VALUES ('94', '案例八', '<p>\r\n	<img src=\"attached/image/image/20150123/20150123030614_43684.png\" alt=\"\" />\r\n</p>\r\n<p>\r\n	案例描述案例描述案例描述案例描述案例描述案例描述案例描述案例描述案例描述案例描述案例描述案例描述案例描述案例描述案例描述案例描述案例描述案例描述案例描述案例描述案例描述案例描述案例描述案例描述案例描述案例描述案例描述案例描述案例描述案例描述案例描述案例描述案例描述案例描述案例描述案例描述案例描述案例描述案例描述案例描述案例描述案例描述案例描述案例描述案例描述案例描述案例描述案例描述案例描述案例描述案例描述案例描述案例描述案例描述案例描述案例描述案例描述案例描述案例描述案例描述案例描述案例描述案例描述案例描述案例描述案例描述案例描述案例描述案例描述案例描述案例描述案例描述案例描述案例描述案例描述案例描述案例描述案例描述案例描述案例描述案例描述案例描述案例描述案例描述案例描述案例描述案例描述案例描述案例描述案例描述案例描述案例描述案例描述案例描述案例描述案例描述案例描述案例描述案例描述案例描述案例描述案例描述案例描述案例描述案例描述案例描述案例描述案例描述案例描述案例描述案例描述案例描述案例描述案例描述案例描述案例描述案例描述案例描述案例描述案例描述案例描述案例描述案例描述案例描述案例描述案例描述案例描述案例描述案例描述案例描述案例描述案例描述案例描述案例描述案例描述案例描述案例描述案例描述案例描述案例描述案例描述案例描述案例描述案例描述案例描述案例描述案例描述案例描述案例描述案例描述案例描述案例描述案例描述案例描述案例描述案例描述案例描述案例描述案例描述案例描述案例描述案例描述案例描述案例描述案例描述案例描述案例描述案例描述案例描述案例描述案例描述案例描述案例描述案例描述案例描述案例描述案例描述案例描述案例描述案例描述\r\n</p>', '2015-01-23', '0', '2', '6', 'zh_cn', '案例八', 'image', '0', '0', null, '1', '1');
INSERT INTO `xm_article` VALUES ('95', 'IPv6：IPv4犯的错 为什么要我来弥补!', '<p>\r\n	在过去的十年间，IPv6本来应该得到很大的发展，但事实上这种好事并没有降临，由此导致了一个结果，那就是大部分人都不了解IPv6的一些知识：它是什么?怎么使用?为什么它会存在?\r\n</p>\r\n<p>\r\n	IPv4做错了什么?\r\n</p>\r\n<p>\r\n	自从1981年发布了RFC791标准以来我们就一直在使用IPv4。在那个时候，电脑又大又贵还不多见，而IPv4号称能提供40亿条IP地址，在当时看来，这个数字好大好大。\r\n</p>\r\n<p>\r\n	不幸的是，这么多的IP地址并没有被充分利用起来，地址与地址之间存在间隙。\r\n</p>\r\n<p>\r\n	举个例子，一家公司可能有254(28-2)条地址，但只使用其中的25条，剩下的229条被空占着，以备将来之需，于是这些空闲着的地址不能服务于真正需要它们的用户，原因就是网络路由规则的限制。\r\n</p>\r\n<p>\r\n	最终的结果是在1981年看起来那个好大好大的数字，在2014年看起来变得好小好小。\r\n</p>\r\n<p>\r\n	互联网工程任务组(IETF)在90年代初指出了这个问题，并提供了两套解决方案：无类型域间选路(CIDR)、私有IP地址。\r\n</p>\r\n<p>\r\n	在CIDR出现之前，你只能选择三种网络地址长度：24位(共16,777,214个可用地址)、20位(共1,048,574个可用地址)、16位(共65,534个可用地址)。CIDR出现之后，你可以将一个网络再划分成多个子网。\r\n</p>\r\n<p>\r\n	举个例子，如果你需要5个IP地址，你的ISP会为你提供一个子网，里面的主机地址长度为3位，也就是说你最多能得到6个地址。——抛开子网的网络号，3位主机地址长度可以表示0～7共8个地址，但第0个和第7个有特殊用途，不能被用户使用，所以你最多能得到6个地址)。\r\n</p>\r\n<p>\r\n	这种方法让ISP能尽最大效率分配IP地址。“私有地址”这套解决方案的效果是，你可以自己创建一个网络，里面的主机可以访问外网的主机，但外网的主机很难访问到你创建的那个网络上的主机，因为你的网络是私有的、别人不可见的。\r\n</p>\r\n<p>\r\n	你可以创建一个非常大的网络，因为你可以使用16,777,214个主机地址，并且你可以将这个网络分割成更小的子网，方便自己管理。\r\n</p>\r\n<p>\r\n	也许你现在正在使用私有地址。看看你自己的IP地址，如果这个地址在这些范围内10.0.0.0–10.255.255.255、172.16.0.0–172.31.255.255或192.168.0.0–192.168.255.255，就说明你在使用私有地址。\r\n</p>\r\n<p>\r\n	这两套方案有效地将“IP地址用尽”这个灾难延迟了好长时间，但这毕竟只是权宜之计，现在我们正面临最终的审判。\r\n</p>\r\n<p>\r\n	IPv4还有另外一个问题，那就是这个协议的消息头长度可变。\r\n</p>\r\n<p>\r\n	如果数据的路由通过软件来实现，这个问题还好说，但现在路由器功能都是由硬件提供的，处理变长消息头对硬件来说是一件困难的事情。一个大的路由器需要处理来自世界各地的大量数据包，这个时候路由器的负载是非常大的，所以很明显，我们需要固定消息头的长度。\r\n</p>\r\n<p>\r\n	在分配IP地址的同时，还有一个问题，因特网是美国人发明的(这个万恶的资本主义国家占用了大量IP地址)，其他国家只得到了IP地址的碎片。我们需要重新定制一个架构，让连续的IP地址能在地理位置上集中分布，这样一来路由表可以做的更小(想想吧，网速肯定更快)。\r\n</p>\r\n<p>\r\n	还有一个问题，这个问题你听起来可能还不大相信，就是IPv4配置起来比较困难，而且还不好改变。你可能不会碰到这个问题，因为你的路由器为你做了这些事情，不用你去操心，但是你的ISP对此一直是很头疼的。\r\n</p>\r\n<p>\r\n	下一代因特网需要考虑上述的所有问题。\r\n</p>\r\n<p>\r\n	IPv6和它的优点\r\n</p>\r\n<p>\r\n	IETF在1995年12月公布了下一代IP地址标准，名字叫IPv6，为什么不是IPv5?→_→因为某个错误原因，“版本5”这个编号被其他项目用去了。IPv6的优点如下：\r\n</p>\r\n<p>\r\n	- 128位地址长度(共有3.402823669×10³⁸个地址)\r\n</p>\r\n<p>\r\n	- 其架构下的地址在逻辑上聚合\r\n</p>\r\n<p>\r\n	- 消息头长度固定\r\n</p>\r\n<p>\r\n	- 支持自动配置和修改你的网络\r\n</p>\r\n<p>\r\n	<br />\r\n</p>\r\n<p>\r\n	我们一项一项地分析这些特点：\r\n</p>\r\n<p>\r\n	地址\r\n</p>\r\n<p>\r\n	人们谈到IPv6时，第一件注意到的事情就是它的地址好多好多。为什么要这么多?因为设计者考虑到地址不能被充分利用起来，我们必须提供足够多的地址，让用户去挥霍，从而达到一些特殊目的。\r\n</p>\r\n<p>\r\n	所以如果你想架设自己的IPv6网络，你的ISP可以给你分配拥有64位主机地址长度的网络(可以分配1.844674407×10¹⁹台主机)，你想怎么玩就怎么玩。\r\n</p>\r\n<p>\r\n	聚合\r\n</p>\r\n<p>\r\n	有这么多的地址，这些地址可以被稀稀拉拉地分配给主机，从而更高效地路由数据包。算一笔帐啊，你的ISP拿到一个80位地址长度的网络空间，其中16位是ISP的子网地址，剩下64位分给你作为主机地址。这样一来，你的ISP可以分配65,534个子网。\r\n</p>\r\n<p>\r\n	然而，这些地址分配不是一成不变地，如果ISP想拥有更多的小子网，完全可以做到(当然土豪ISP可能会要求再来一个80位网络空间)。\r\n</p>\r\n<p>\r\n	最高的48位地址是相互独立地，也就是说ISP与ISP之间虽然可能分到相同地80位网络空间，但是这两个空间是相互隔离的，好处就是一个网络空间里面的地址会聚合在一起。\r\n</p>\r\n<p>\r\n	固定的消息头长度\r\n</p>\r\n<p>\r\n	IPv4消息头长度可变，但IPv6消息头长度被固定为40字节。IPv4会由于额外的参数导致消息头变长，IPv6中如果有额外参数，这些信息会被放到一个紧挨着消息头的地方，不会被路由器处理，当消息到达目的地时，这些额外参数会被软件提取出来。\r\n</p>\r\n<p>\r\n	IPv6消息头有一个部分叫“flow”，是一个20位伪随机数，用于简化路由器对数据包的路由过程。如果一个数据包存在“flow”，路由器就可以根据这个值作为索引查找路由表，不必慢吞吞地遍历整张路由表来查询路由路径。这个优点使IPv6更容易被路由。\r\n</p>\r\n<p>\r\n	自动配置\r\n</p>\r\n<p>\r\n	IPv6中，当主机开机时，会检查本地网络，看看有没有其他主机使用了自己的IP地址。如果地址没有被使用，就接着查询本地的IPv6路由器，找到后就向它请求一个IPv6地址。然后这台主机就可以连上互联网了——它有自己的IP地址，和自己的默认路由器。\r\n</p>\r\n<p>\r\n	如果这台默认路由器宕机，主机就会接着找其他路由器，作为备用路由器。这个功能在IPv4协议里实现起来非常困难。同样地，假如路由器想改变自己的\r\n地址，自己改掉就好了。主机会自动搜索路由器，并自动更新路由器地址。路由器会同时保存新老地址，直到所有主机都把自己地路由器地址更新成新地址。\r\n</p>\r\n<p>\r\n	IPv6自动配置还不是一个完整地解决方案。想要有效地使用互联网，一台主机还需要另外的东西：域名服务器、时间同步服务器、或者还需要一台文件服\r\n务器。于是dhcp6出现了，提供与dhcp一样的服务，唯一的区别是dhcp6的机器可以在可路由的状态下启动，一个dhcp进程可以为大量网络提供服\r\n务。\r\n</p>\r\n<p>\r\n	唯一的大问题\r\n</p>\r\n<p>\r\n	如果IPv6真的比IPv4好那么多，为什么它还没有被广泛使用起来?Google在2014年5月份估计IPv6的市场占有率为4%。一个最基本的原因是“先有鸡还是先有蛋”。\r\n</p>\r\n<p>\r\n	服务商想让自己的服务器为尽可能多的客户提供服务，这就意味着他们必须部署一个IPv4地址。\r\n</p>\r\n<p>\r\n	当然，他们可以同时使用IPv4和IPv6两套地址，但很少有客户会用到IPv6，并且你还需要对你的软件做一些小修改来适应IPv6。\r\n</p>\r\n<p>\r\n	另外比较头疼的一点是，很多家庭的路由器压根不支持IPv6。\r\n</p>\r\n<p>\r\n	还有就是ISP也不愿意支持IPv6。\r\n</p>\r\n<p>\r\n	我问过我的ISP这个问题，得到的回答是：只有客户明确指出要部署这个时，他们才会用IPv6。然后我问了现在有多少人有这个需求，答案是：包括我在内，共有1个。\r\n</p>\r\n<p>\r\n	与这种现实状况呈明显对比的是，所有主流操作系统Windows、OS  、Linux都默认支持IPv6好多年了。这些操作系统甚至提供软件让IPv6的数据包披上IPv4的皮，来骗过那些会丢弃IPv6数据包的主机，从而达到传输数据的目的。\r\n</p>\r\n<p>\r\n	总结\r\n</p>\r\n<p>\r\n	IPv4已经为我们服务了好长时间，但是它的缺陷会在不远的将来遭遇不可克服的困难。IPv6通过改变地址分配规则、简化数据包路由过程、简化首次加入网络时的配置过程等策略，可以完美解决这个问题。\r\n</p>\r\n<p>\r\n	问题是，大众在接受和使用IPv6的过程中进展缓慢，因为改变代价太大了。\r\n</p>\r\n<p>\r\n	好消息是所有操作系统都支持IPv6，所以当你有一天想做出改变，你的电脑只需要改变一点点东西，就能转到全新的架构体系中去。\r\n</p>\r\n<p>\r\n	<br />\r\n</p>', '2015-01-23', '0', '2', '13', 'zh_cn', 'IPv4犯的错', 'article', '0', '0', null, null, null);
INSERT INTO `xm_article` VALUES ('96', '关于win10发布会，你必须知道的十件事', '<p>\r\n	微软今天在发布会上推出了Windows 10的消费者预览版。应该说，它的整体操作体验和Windows 7更为类似，不过微软显然还是希望能够把手机、平板的体验也可以整合到其中。用微软的话来说，既希望这个版本是15亿用户更熟悉的系统，同时又增添了新的亮点。\r\n</p>\r\n<p>\r\n	重看一下这场两个小时的发布会视频太麻烦，我们整理了发布会上的10大亮点——在中文版放出来之前，不妨看这个解解馋。\r\n</p>\r\n<p>\r\n	1.真的是免费下载\r\n</p>\r\n<p>\r\n	微软在发布会上宣布，在Windows 10发布的一年时间内，所有目前的Windows 7、Windows 8.1以及Windows Phone 8.1用户，都将可以进行免费升级。\r\n</p>\r\n<p>\r\n	2.开始键回来了\r\n</p>\r\n<p>\r\n	Windows 8最开始取消了“开始”键，让不少人都大呼不爽。而Windows 10最后还是决定把“开始”键带回来。\r\n</p>\r\n<p>\r\n	除了一些视觉的改变，比如图标的变化之外，Windows 10上的开始菜单还可以全屏化，这样看起来就有一点像是Windows 8.1的主屏幕。而Windows 8.1的磁贴界面进行了大幅度的调整，开始支持纵向滚动。\r\n</p>\r\n<p>\r\n	除了“开始”菜单之外。Windows 10还有一个类似于Android的通知中心，也可以实现Wifi、蓝牙和其他设定的快速操作，还可以进行开关机等操作。\r\n</p>\r\n<p>\r\n	3. IE不见了\r\n</p>\r\n虽然微软并没有宣布IE被取代，但是他们这次在发布会上演示了 一款浏览器，叫做Spartan，它也是Windows \r\n10中出现的一个新服务。和IE相比，它更轻、看起来也更简洁，多少让人联想其Chrome。在发布会上的演示来看，它还支持做标记，并且可以直接把网页\r\n 的部分保存到OneNote中，里面还整合有智能语音助手Cortana小娜等。\r\n<p>\r\n	<br />\r\n</p>\r\n<p>\r\n	<br />\r\n</p>\r\n<p>\r\n	我们之前提到的智能语音助手Cortana小娜（不是小冰）也被整合到了Windows10中，而且在相当醒目的位置，就在开始按钮的旁边。用户可以通过语音或者打字来和她交流。\r\n</p>\r\n<p>\r\n	小娜很重要的一个变化就是开始像Google Now一样提供主动推送通知，给你弹出你可能感兴趣的信息。此外，小娜还和新的地图应用也整合到一起了，甚至还可以提醒你此前停车的位置等。\r\n</p>\r\n<p>\r\n	5.新一代全息技术Holograms\r\n</p>\r\n<p>\r\n	微软终于也有自己的的黑科技了——Holograms。和Oculus等虚拟现实不同，微软的Holograms更偏向增强现实。借助头戴设备，它可以在实际环境的基础上增添虚拟信息，也就是说，在空气中或者在周围的物体上呈现出你想看到的情景。\r\n</p>\r\n<p>\r\n	根据微软在视频里的演示，你可以在冰箱上收看自己的消息提示或者查找联系人、 也可以在客厅里玩Minecraft或者其他游戏。\r\n</p>\r\n<p>\r\n	6.再无Windows Phone\r\n</p>\r\n<p>\r\n	Windows 8就因为把平板和PC混合到一起而饱受诟病，这次微软在Windows 10中竟然变本加厉，将手机也加入进来了！\r\n</p>\r\n<p>\r\n	所以，新的Windows 10将会支持PC、平板、手机，而原有的Windows Phone操作系统将消失。\r\n</p>\r\n<p>\r\n	Windows \r\n10将真正变成微软生态系统里的“基础服务”，通知系统可以跨平台、PC上的Skype也将会整合到移动端的消息应用中，包括日历、闹钟等都将多平台互 \r\n联。在其他软件层面也是如此：Office和Windows \r\n10进一步深度整合，并对移动版进行了大幅度优化，从而让用户在不同设备之间同步未完成的工作。\r\n</p>\r\n<p>\r\n	7.Xbox也登上PC\r\n</p>\r\n<p>\r\n	除了手机之外，Windows 10还会和Xbox也整合起来。\r\n</p>\r\n<p>\r\n	微软在Windows 10里推出了Xbox应用，把类似于消息、好友列表等同步到了PC上。玩家可以在PC上和和Xbox Live的用户聊天，观看和上传游戏录像等。\r\n</p>\r\n<p>\r\n	不仅如此，未来Xbox也将采用Windows10系统。\r\n</p>\r\n<p>\r\n	8.什么时候可以下载到\r\n</p>\r\n<p>\r\n	下周， Windows 10的消费者预览版就会来到PC上，不过还是针对注册了Windows Insider项目的用户；而手机端 Windows 10则会在2月之后面世。首个Windows 10版本将包括25个语言版本，现在还不清楚是否包含中文版。\r\n</p>\r\n<p>\r\n	9.还有新硬件\r\n</p>\r\n<p>\r\n	除了发布Holograms技术以外，微软还推出了基于这项技术的HoloLens眼镜。它是一款独立的计算机设备，并不需要配合PC或者其他设备使用，可以让用户和周围的全息影像互动。\r\n</p>\r\n另外，微软这次还推出了一款名叫Surface Hub的硬件产品。它配备的Windows \r\n10系统，但看上去有点像是一个大电视。它拥有84英寸的显示屏，分辨率达到了4K；同时，它又具有平板电脑的很多配置，比如拥有传感器、摄像头、蓝牙、\r\n 麦克风、以及WiFi模块。\r\n<p>\r\n	<br />\r\n</p>\r\n<p>\r\n	10.Windows 10? 其实是Windows 9\r\n</p>\r\n<p>\r\n	这是微软在2012年推出Windows 8以后，首次主要的操作系统升级。不知道出于什么原因，微软选择跳过Windows 9直接发布Windows 10。根据NetMarketShare的数据，世界上91%的电脑仍然运行着Windows操作系统。\r\n</p>', '2015-01-23', '0', '2', '13', 'zh_cn', 'win10', 'article', '0', '0', null, null, null);
INSERT INTO `xm_article` VALUES ('97', '苹果表态：愿意接受中方网络安全审查', '<p>\r\n	记者获悉，国家互联网信息办公室主任鲁炜在去年12月初赴美国考察时，曾与苹果公司CEO蒂姆·库克会面。在会面中，库克表示将配合中国对苹果产品进行的网络安全评估。\r\n</p>\r\n<p>\r\n	<br />\r\n</p>\r\n<p>\r\n	据一位参与会谈的国家网信办的负责人表示，双方的会谈重点是苹果产品在中国地区的安全保障。鲁炜表示，中国已经成为苹果最大的市场之一，中国也 \r\n愿意对苹果等科技巨头开放，但前提是 iPhone、 iPad 和 Mac 等产品必须保证用户的信息安全和隐私，同时维护国家安全。\r\n</p>\r\n<p>\r\n	库克在与鲁炜的会谈中主动谈起，“前段时间有传闻说我们给第三方提供后门和数据。我们过去没有、将来也不会提供后门。”\r\n</p>\r\n<p>\r\n	对此，鲁炜回应，“你自己说了不算，你的新产品要让我们的网络安全官做评估。我们需要得出结论，让消费者用得放心。”\r\n</p>\r\n<p>\r\n	库克当场表示苹果将会全力配合中国对苹果产品进行的网络安全评估，确保用户可以在产品的使用过程中感到安全可靠。\r\n</p>\r\n<p>\r\n	该负责人介绍，这意味着苹果成为首个愿意接受中国官方网络安全审查的公司。\r\n</p>\r\n<p>\r\n	<br />\r\n</p>', '2015-01-23', '0', '2', '13', 'zh_cn', '苹果审查', 'article', '0', '0', null, null, null);
INSERT INTO `xm_article` VALUES ('98', '6个最大业务安全风险以及解决办法', '<p>\r\n	在2014年安全泄露事故依然接二连三地发生。尽管多年来安全泄露和分布式拒绝服务(DDoS)攻击占据头条新闻，安全专家也一再告诫企业(和个人)需要更好地保护敏感数据，但很多企业仍然没有准备好或无法正确地抵御各种安全威胁。\r\n</p>\r\n<p>\r\n	<br />\r\n</p>\r\n<p>\r\n	事实上，根据Trustwave最新发布的《2014年度风险状态报告》显示，大多数企业没有或者只部署了部分系统用于控制和追踪敏感数据。该报告采访了476名IT专业人士对安全问题的看法。\r\n</p>\r\n<p>\r\n	那么，企业应该怎样更好地保护自己及其客户的敏感数据免受安全威胁呢?对此，我们询问了几十位安全专家和IT专家来寻找答案。下面是安全泄露事故6个最有可能的来源或者原因，以及企业应该怎样做来抵御这些风险。\r\n</p>\r\n<p>\r\n	风险No. 1：心怀不满的员工\r\n</p>\r\n<p>\r\n	“内部攻击是企业数据和系统面对的最大威胁之一，”Green House Data公司首席技术官Cortney \r\nThompson表示，“心怀不轨的员工可能造成严重破坏，特别是IT团队的成员，他们了解并可以访问网络、数据中心及管理员账户。”据传言称，索尼遭受\r\n的攻击不是源自朝鲜，而其实是内部攻击。\r\n</p>\r\n<p>\r\n	解决办法： CyberArk公司执行副总裁Adam Bosnian表示：“缓解特权账户利用风险的第一步是发现所有特权账户和登录凭证，并立即终止那些不再使用或涉及已离职员工的账户。”\r\n</p>\r\n<p>\r\n	“下一步是密切监测、控制和管理特权登录凭证以防止被利用。最后，企业应该部署必要的协议和基础设施来跟踪、日志记录特权账户活动，以及创建警报，以在攻击周期的早期阶段快速应对恶意活动和减小潜在的损害。”\r\n</p>\r\n<p>\r\n	风险No. 2：粗心大意或不知情的员工\r\n</p>\r\n<p>\r\n	SafeLogic公司首席执行该Ray \r\nPotter表示：“粗心大意的员工将自己未加密的iPhone遗忘在出租车上，这与泄露信息给竞争对手的心怀不满的员工一样危险。”同样地，没有学习过\r\n安全最佳做法的员工，他们使用低强度密码访问未经授权的网站，和/或点击可疑电子邮件中的链接或打开电子邮件附件，这也会给企业系统和数据带来巨大的安全\r\n威胁。\r\n</p>\r\n<p>\r\n	解决办法： “对员工进行培训，让他们学习使用安全最佳做法，并为他们提供持续的支持，”RoboForm公司市场营销副总裁Bill \r\nCarey表示，“有些员工可能不知道在网上如何保护自己，这可能让企业数据面临风险。因此，企业应该提供培训课程，帮助员工学习如何管理密码以及避免网\r\n络钓鱼和键盘记录等攻击。并且，提供持续的支持以确保员工拥有他们所需要的资源。”\r\n</p>\r\n<p>\r\n	此外，确保员工在所有设备使用高强度密码。密码是第一道防线，所以要确保员工使用包含大写和小写字母、数字和符号的密码。\r\n</p>\r\n<p>\r\n	同样重要的是，在每个注册的网站使用单独的密码，并每隔30到60天更改密码。密码管理系统可以自动化这个过程，而不需要员工记住多个密码。\r\n</p>\r\n<p>\r\n	加密也是必不可少的。\r\n</p>\r\n<p>\r\n	“只要你已经部署了经验证的加密作为安全战略的一部分，就还有希望，”Potter继续说道，“即使员工没有部署个人防护措施来锁定其手机，IT部门可以撤销用于解密企业数据的密钥，从而进行选择性的数据擦除。”\r\n</p>\r\n<p>\r\n	BeyondTrust公司产品经理Rod Simmons表示，为了加强安全性，企业可以部署多因素身份验证，例如一次性密码(OTP)、RFID、智能卡、指纹读取器或视网膜扫描，以确认用户的身份。这可以帮助缓解密码导致的数据泄露事故。\r\n</p>\r\n<p>\r\n	风险No. 3：移动设备\r\n</p>\r\n<p>\r\n	“当员工使用移动设备(特别是他们自己的设备)共享数据、访问公司信息或没有定期更改移动密码时，非常容易发生数据盗窃，”BT \r\nAmericas公司首席技术官兼安全部门副总裁Jason \r\nCook表示，“根据BT的研究显示，在过去12个月中，移动安全泄露事故影响着全球三分之二(68%)的企业。”\r\n</p>\r\n<p>\r\n	Yottaa公司产品营销副总裁Ari Weil表示：“随着越来越多的企业拥抱BYOD趋势，员工设备进入企业网络(防火墙背后，包括通过VPN)，当应用程序安装恶意软件或其他木马软件可访问设备的网络连接时，可能给企业带来很大风险。”\r\n</p>\r\n<p>\r\n	解决办法： \r\n确保你有一个全面的BYOD政策。“通过BYOD政策，员工可以更好地学习如何正确使用设备，而企业则可以更好地监控电子邮件以及下载到企业或员工设备的\r\n文件，”赛门铁克公司全球产品营销高级主管Piero \r\nDePaoli表示，“有效监控可以让企业了解其移动数据丢失风险，当移动设备丢失或被盗时，让他们可以快速找出风险。”\r\n</p>\r\n<p>\r\n	同时，企业应该部署移动安全解决方案来保护企业数据以及对企业系统的访问，同时通过容器化来保障用户的隐私权。通过分离用户设备中的企业应用程序和企业数据，容器化可以确保企业内容、登录凭证和配置保持加密，在IT控制中，这增强了防御。通过权件oli\r\n</p>\r\n<p>\r\n	Code42公司首席执行官兼联合创始人Matthew \r\nDornquast表示，你还可以通过混合云[注]来缓解BYOD风险。“随着未经批准的消费者应用程序和设备不断进入工作场所，IT应该考虑使用混合和\r\n私有云[注]来缓解这种趋势带来的潜在风险。这两种方法都可以提供公共云的容量和弹性来管理海量设备和数据，同时，还提供增强的安全性和隐私性(例如无论\r\n数据存储在什么位置，加密密钥都保存在内部)来管理企业内的应用程序和设备。”\r\n</p>\r\n<p>\r\n	风险No. 4：云应用\r\n</p>\r\n<p>\r\n	解决办法： \r\n“对于云威胁，最好防御是使用高强度加密技术在数据层面来加强保护，例如256位AES加密，这被专家成为加密黄金标准，同时，企业应该专门保存密钥以防\r\n止第三方访问数据，”CipherCloud公司创始人兼首席执行官Pravin \r\nKothari表示，“正如2014年的安全泄露事故表明，没有很多公司在使用数据水平的云计算[注]加密来保护敏感信息。”\r\n</p>\r\n<p>\r\n	风险No. 5：未安装补丁或不可修补的设备\r\n</p>\r\n<p>\r\n	“这些是网络设备，例如路由器、服务器和打印机，它们在其操作中使用软件或固件，然而，对于其中的漏洞，并没有创建或发送修复补丁，或者其硬件不能\r\n对发现的漏洞进行更新，”CyActive公司联合创始人兼首席技术官Shlomi \r\nBoutnaru表示，“这让你的网络中存在可利用的设备，等待攻击者来利用它以访问你的数据。”\r\n</p>\r\n<p>\r\n	数据泄露事故“候选者”：即将不受支持的Windows Server 2003。\r\n</p>\r\n<p>\r\n	在2015年7月14日，微软将不再支持Windows Server 2003，这意味着企业将不再接收该软件的补丁或安全更新。\r\n</p>\r\n<p>\r\n	目前超过1000万台物理Windows 2003服务器在使用中(+微信关注网络世界)，还有数百万台虚拟服务器，预计这些过时的服务器将会成为攻击者渗透网络的主要途径。\r\n</p>\r\n<p>\r\n	解决办法： 构建补丁管理程序来确保这些设备和软件总是保持最新状态。\r\n</p>\r\n<p>\r\n	“第一步是部署漏洞管理技术来检查你的网络，看看那些不是最新状态，”Force 3公司安全做法主管Greg Kushto表示，“然而，真正的关键是部署政策，如果某台设备没有在特定时间内更新或修复，它将被停用。”\r\n</p>\r\n<p>\r\n	为了避免Windows Server 2003带来的问题，企业应该发现所有Windows Server \r\n2003实例;整理每台服务器的所有软件和功能;基于风险和重要性对系统进行优先排序;创建迁移政策并执行它。如果你无法执行这些步骤，则可以聘请专业人\r\n士来帮助你。\r\n</p>\r\n<p>\r\n	风险No. 6：第三方服务提供商\r\n</p>\r\n<p>\r\n	“随着技术日益专业化和复杂化，企业越来越多地依赖于外包商和供应商来支持及维护系统，”Bomgar公司首席执行官Matt Dircks表示，“例如，餐厅加盟商通常会外包PoS机的维护和管理工具到第三方服务提供商。”\r\n</p>\r\n<p>\r\n	然而，这些第三方通常使用远程访问工具来连接到企业的网络，而并不总是遵循安全最佳做法。例如，他们会使用相同的默认密码来远程连接到所有的客户。如果攻击者猜出这个密码，就可以立即访问所有客户的网络。\r\n</p>\r\n<p>\r\n	实际上，2014年很多高知名度的数据泄露事故(例如家得宝、Target)是因为承包商的登陆凭证被盗。根据最新的一些报告，大部分数据泄露事故(76%)是因为攻击者利用远程供应商访问通道，即使是没有恶意企图的承包商都可能给你的系统带来威胁或者让你易受到攻击。\r\n</p>\r\n<p>\r\n	“这种威胁在成倍增加，因为企业在允许第三方访问其网络之前缺乏审查，”Dynamic Solutions \r\nInternational公司网络安全专家Adam \r\nRoth表示，“潜在的数据泄露事故通常不会直接攻击最有价值的服务器，而是从低层次的计算机开始，然后转移到其他设备并获得特权。”\r\n</p>\r\n<p>\r\n	企业做了相当多的工作来确保关键服务器免受恶意软件的威胁，但大多数企业并没有保持这些系统与其他更易受攻击系统的分隔。\r\n</p>\r\n<p>\r\n	解决办法： 企业需要确保第三方遵循远程访问安全最佳做法，例如强制执行多因素身份验证、每个用户使用唯一凭证、设置最小权限以及全面审计所有远程访问活动。\r\n</p>\r\n<p>\r\n	特别是，企业应该尽快禁用不再需要的第三方账户;监控失败的登陆尝试;对潜在攻击进行红色标记。\r\n</p>\r\n<p>\r\n	应对数据泄露事故的通用指南\r\n</p>\r\n<p>\r\n	RSA公司技术解决方案主管Rob Sadowsi称：“大多数企业现在认识到，数据泄露事故不是关于‘是否’的问题，而是‘什么时候’的问题。”为了最大限度地减小安全泄露事故的影响，企业应该执行风险评估来确定敏感数据的位置以及部署了哪些控制和程序来保护这些数据。\r\n</p>\r\n<p>\r\n	然后，创建一个全面的事件响应(和灾难恢复/业务连续性)计划，确定参与的人员，从IT、法律部门、人力资源部门到高管，并对计划进行测试。\r\n</p>\r\n<p>\r\n	<br />\r\n</p>', '2015-01-23', '0', '2', '13', 'zh_cn', '6个最大业务安全风险', 'article', '0', '0', null, null, null);
INSERT INTO `xm_article` VALUES ('99', '基于云计算等新一代IT的行业参考架构及应用', '<p>\r\n	日前，由北京大学信息化与信息管理研究中心和北大CIO班教务办公室联合主办的“第五届中国云计算应用论坛”在北京大学成功举办，此次论坛以“云计\r\n算的转型与创新”为主题，将近200位专家学者、行业代表、优秀CIO们就云计算的技术、架构、建设与应用等一系列的问题展开了讨论，北大信息化与信息管\r\n理研究中心秘书长、北大CIO班教务办公室主任姚乐博士为大家带来了题为《基于云计算等新一代IT的行业参考架构及应用》主题分享。\r\n</p>\r\n<p>\r\n	本文摘自姚乐博士演讲实录。\r\n</p>\r\n<p>\r\n	以互联网为中心的云计算等新一代信息技术\r\n</p>\r\n<p>\r\n	新一代信息技术是以互联网为中心的技术，它们在改变整个信息技术的结构。可以打个比方：互联网包括移动互联网相当于人的神经系统，云计算相当于人的\r\n大脑，大数据相当于神经细胞或脑细胞，物联感知设备相当于人的感官，这些合起来就把物理世界变得像人一样更加智能，朝这样智能的方向发展。我们很多的业\r\n务，很多的方式被这样一种模式在改变，信息技术的形态在改变。\r\n</p>\r\n<p>\r\n	我们看看未来的远景，三网融合。现在的互联网是把人连接起来了，人在上面交互，这是人联网。下一步互联网是要把物连接起来，物连接起来以后，每个物\r\n体设备就可能变得智能了。还有就是服联网，现在是各种孤立的应用系统，今后它们都可能service化，并且连接起来的。这三网融合对未来世界构造将会发\r\n生很大的变化。\r\n</p>\r\n<p>\r\n	这个变化是什么样的变化呢？今年5月份，我们启动了中国新一代IT产业推进联盟，杨学山副部长用“五个新”做了总结，提出了信息技术正在形成一种新\r\n的体系，这个体系形成了新的能力，基于这种新的能力正形成一些新的应用模式，我们基于云计算、大数据、移动互联网，很多很多新的模式在产生，这种新的模式\r\n正在改变原有的竞争格局。大家看，现在企业IT的格局正在发生重大的变化。前面四个新在促进我们迈向新的发展阶段，我觉得这些总结得非常精确。\r\n</p>\r\n<p>\r\n	到了具体的企业，新IT带来的变革是什么样的？新一代IT背景下，其实是IT自身也在变，这就是IT的互联网化，例如网络平台+APP，网络规模\r\nIT，DevOps，WOA/CC架构，软件定义。还有业务互联网化，它与IT互联网化是相辅相成的，这里面我们看到很多移动应用、电子商务模式、O2O\r\n线上线下的结合，还有自媒体营销，各种智慧应用等，实际上都是基于技术的变化，推动了业务在发生重大的转型。\r\n</p>\r\n<p>\r\n	在技术转型的时代，我们的企业会是什么样？企业架构之父说过，任何事物都是有其架构的，对架构的认识水平决定了我们能够利用它的能力和水平。在物理\r\n的世界里，例如盖房子，房屋的架构设计有多重要。在信息的世界里面，当企业越来越离不开信息系统，这样的企业它的架构应该是什么样的，如果我们不能很清楚\r\n的认识它，不能通过抽象和建模把它表达出来，就只能是盲人摸象，会出现各种的重复建设，大量的浪费，各种的不对称，不匹配。企业架构是从信息等视角对企业\r\n的组成要素及关系进行的抽象与建模。\r\n</p>\r\n<p>\r\n	国际上有一个相对比较标准的架构开发方法，这就是开放组架构框架TOGAF，包括六大组成部分：架构开发方法、描述架构内容的架构内容框架，架构参\r\n考模型、架构开发方法中要使用到的技巧和指南、架构分类的连续序列，以及架构能力框架。从架构开发方法和流程来看，除了做准备的架构预备阶段，我们首先要\r\n考虑基于新一代IT的架构愿景。云计算也好、大数据也好，会对企业带来什么样的变革机会，未来的愿景应该是怎么样，我们首先应该是从概念上怎么认识它，然\r\n后再来看，在这样的愿景下，业务应该是什么样的，从愿景的表达到业务架构，再到这样的业务架构变化下需要什么样的信息系统架构，然后再来看技术架构。\r\n</p>\r\n<p>\r\n	基于新一代IT的行业参考架构\r\n</p>\r\n<p>\r\n	企业架构确实在发生变化，每一个企业架构都在因为新的IT会发生很大的改变，我可以大胆预测未来企业构建会非常快速，现在一个稍微大一点的企业花多少亿来构建信息系统，未来我们设想的，在不久的未来，一个企业的完整信息系统可能几个小时就构建起来了。\r\n</p>\r\n<p>\r\n	新一代IT在行业当中的应用，在具体的行业里怎么往深了使用。TOGAF把企业架构分为四层，基础架构、共同系统架构、行业架构、组织特定架构，最\r\n有价值的是行业参考架构，行业是离企业最近的。新一代IT的行业参考架构既要考虑新一代IT给IT架构带来的变化，也要考虑新一代IT给业务架构带来的变\r\n化。\r\n</p>\r\n<p>\r\n	德国工业4.0，现在很热，其实它讲的第一个任务就是架构和标准。这是德国工业4.0的概念层架构。最底层是物联网层面的，上面是服联网，中间是一\r\n个CPS平台，平台在这里起到了非常重要的作用，物理信息系统的平台，通过这个平台这几层的连接，刚才我说的三网融合，是这样的参考架构。当然还有一些细\r\n化的内容。\r\n</p>\r\n<p>\r\n	再看一个例子，智慧城市的总体架构应该是什么样的？智慧城市是新一代信息技术的集大成应用，它一定是基于新IT的应用。都是云的方式来提供，分为\r\nIaaS、PaaS和SaaS等几个层次的服务。物联网感知层，平台有移动的平台，有移动的应用，大数据的数据处理平台，大数据的应用等等。整个来讲，云\r\n计算、大数据、移动互联、物联网某种程度上是一个不可分割的整体。\r\n</p>\r\n<p>\r\n	再聚焦一下，医疗卫生，我给的这个不能说现在就是参考架构，只能说是总体架构的一个内容。物联感知层，就是医疗设备，可穿戴设备，可以接入一个平\r\n台，云计算这几层同样这么体现的，医疗的平台，移动应用平台也是在这里体现的，特别是各种各样的应用，还有医疗大数据，在这种总体架构里面的一种体现。\r\n</p>\r\n<p>\r\n	除了总体架构，更重要的是还需要往下走，到每一个领域的架构，如业务架构、数据架构、应用架构和技术架构。还有就是分块架构，如某个业务分块的架\r\n构。从现有企业能力状态，主要是三个层面的因素导致未来企业的能力状态，一个是新的战略方向与目标，二是新的业务运营，三是新出现的技术。这三者之间是不\r\n可分割的，因为我们的战略，我们的业务都可能被IT所改变。过去做IT战略规划，只是这样的路径，企业的战略是什么，业务的战略是什么，然后到IT战略，\r\n这样做IT战略规划，这个思路看起来是很科学的，实际上是很不科学的，因为他只考虑了IT怎么支撑业务，没有考虑到IT如何改变业务，特别是在现在这样一\r\n个时代，这个时候，就应该按照架构迭代这样的一套思路来设计，像TOGAF \r\nADM这样的方法。首先是要有一个架构愿景，技术也可能导致这个愿景的变化，再来看业务架构的变化，技术也可能导致业务架构的变化。这是一种自上而下和自\r\n下而上相结合的一套迭代式方法。如果有了参考架构，可以使我们更好的理解企业架构的变化，指导快速地交付行业解决方案，促进行业基于标准的开发和建设，快\r\n速地重用行业最佳实践。\r\n</p>', '2015-01-23', '0', '2', '13', 'zh_cn', '云计算', 'article', '0', '0', null, null, null);
INSERT INTO `xm_article` VALUES ('100', '安全使用第三方应用须注意这四个问题', '<p>\r\n	目前，对黑客而言，操作系统日益难以实施攻击，这主要是由于厂商或开发者对有漏洞的代码能够更好更快地打补丁。现在，第三方的应用成为企业遭受损害的主要媒介。\r\n</p>\r\n<p>\r\n	<br />\r\n</p>\r\n<p>\r\n	在运行第三方的软件时，不管这些软件是外包的、开源的，还是现成的商品化软件，企业都必须保持警惕。根据以往的案例，大多数被利用的漏洞都属于第三方软件。调查显示，运行在企业中的多数应用程序都来自第三方，但很少有企业会去部署控制来评估这些应用的安全性。\r\n</p>\r\n<p>\r\n	残酷的现实要求企业必须采取行之有效的措施来减轻第三方应用带来的风险：\r\n</p>\r\n<p>\r\n	首先要测试这些应用。企业IT要制定标准，使第三方应用既要满足公司标准，同时又满足合规需求。然后，再与合伙人和厂商合作测试这些应用程序。有些权威评测机构(如，中国信息安全测评中心、中国软件评测中心)也可以评估、扫描和自动或手动测试这种代码。\r\n</p>\r\n<p>\r\n	其次，使打补丁过程正式化。以前，不少企业非常重视给Windows等操作系统打补丁，对第三方应用的安全检查和安全补丁的重视程度却远远不够。如\r\n今，市场上有不少可以为第三方应用集中地、自动地打补丁的工具，企业不妨利用这种工具使打补丁过程正式化，区分补丁的优先次序，确保所有漏洞都能够及时地\r\n得到修补。\r\n</p>\r\n<p>\r\n	第三，要问开发商。对第三方软件的管理至关重要。企业IT可以就安全标准和测试问题来询问第三方开发者。还要构建一种成熟的策略，要求第三方开发者同意遵循企业的策略和指南。\r\n</p>\r\n<p>\r\n	第四，注意合规警告。有一些规范和行业要求(其中就包括大名鼎鼎的PCI DSS3.0)非常重视第三方的安全。这些规范和行业指南对企业如何安全地使用第三方应用提出的建议和措施，值得企业去思考和实施。\r\n</p>\r\n<p>\r\n	企业使用的第三方应用影响着企业的形象和品牌。如果攻击者利用了某个第三方应用的一个漏洞，攻击了公司的服务器并窃取了敏感数据，那么企业将会遭受由此带来的高昂成本，其中包括严重的商誉损失。所以，企业在采用第三应用时，必须高度关注安全问题。\r\n</p>\r\n<p>\r\n	<br />\r\n</p>', '2015-01-23', '0', '2', '13', 'zh_cn', '安全使用第三方应用', 'article', '0', '0', null, null, null);
INSERT INTO `xm_article` VALUES ('101', '三问12306网站数据泄露 可填补哪些漏洞?', '<p>\r\n	身陷数据泄露事件的12306网站，终于开始悬赏征集漏洞。\r\n</p>\r\n<p>\r\n	12月25日，这家被广泛用于订购火车票的官方网站，被指流出约13万用户数据。其中包括姓名、身份证号、手机号、用户名、密码等敏感信息。\r\n</p>\r\n<p>\r\n	尽管铁路警方调查宣称事件由黑客“撞库”导致，数据并非从12306网站泄露，但12306网站的安全体系仍有完善的空间。\r\n</p>\r\n<p>\r\n	<br />\r\n</p>\r\n<p>\r\n	谁泄露，泄露了多少用户数据?\r\n</p>\r\n<p>\r\n	谁泄露了用户数据?泄露的数据总量有多少?在多位互联网安全人士看来，综合目前消息，极有可能是“撞库”导致数据泄露，且泄露的数据可能不止13万用户。\r\n</p>\r\n<p>\r\n	“撞库”是一种黑客攻击方式。黑客会收集在网络上已泄露的用户名、密码等信息，之后用技术手段前往一些网站逐个“试”着登录，最终“撞大运”地“试”出一些可以登录的用户名、密码。\r\n</p>\r\n<p>\r\n	显然，“撞库”成功的一个前提是，用户在多家网站注册的用户名、密码都相同。多位互联网安全人士经过分析，均认为此次事件“应该是撞库造成的”，“用户名、密码都没改”。\r\n</p>\r\n<p>\r\n	第三方网络安全机构“知道创宇”技术副总裁余弦告诉中国青年报记者，公司研究团队在几家网站2012年、2013年泄露的用户数据中抽取50个作为样本，与此次13万用户数据进行比对，“匹配度有100%”。\r\n</p>\r\n<p>\r\n	“猎豹移动”安全专家李铁军也表示，他们将前几年黑客圈流传出的上亿条泄露数据进行比对，“绝大部分都是和以往的库是重合的”。\r\n</p>\r\n<p>\r\n	12月26日，中国铁道总公司公开证实了这一点。公司官方微博称，铁路公安机关于12月25日晚将嫌疑人蒋某某、施某某成功抓获，嫌疑人通过手机互\r\n联网某游戏网站以及其他多个网站泄漏的用户名加密码信息，尝试登陆其他网站进行“撞库”，非法获取用户的其他信息，并谋取非法利益。\r\n</p>\r\n<p>\r\n	不过，李铁军推测，如果用以往那么大的数据量去“撞”12306网站，从理论上来说，泄露的数据或许不止13万条，“怎么着也是百万级别的。可能这13万用户的数据只是在黑色产业链非法交易中的一部分样本”。\r\n</p>\r\n<p>\r\n	“这次只是暴露了其中一部分的数据。”北京大学计算机科学技术系教授陈钟认为，“如果没有人揭露出来，公众、媒体可能也不清楚现在这个问题”。\r\n</p>\r\n<p>\r\n	与“撞库说”同时出现的，是对“抢票软件泄露数据”的猜测。12月25日，在警方公布抓获黑客之前，12306网站发表声明称数据系经其他网站或渠道流出，并提醒旅客“不要使用第三方抢票软件购票，或委托第三方网站购票”，以防止身份信息外泄。\r\n</p>\r\n<p>\r\n	然而，中国青年报记者在泄露的13万用户数据中随机拨打了18人的电话，共10人接受采访，他们均表示自己从未使用过第三方插件购票，有的甚至已将近一年未使用该账号。\r\n</p>\r\n<p>\r\n	李铁军分析，一些抢票软件有“离线抢票”的功能，存在一定风险或隐患。软件在电脑关闭之后，依然可以进行抢票，这意味着用户名、密码都交给了第三方。“这样的情况下，就增加了风险，当然，不能说就一定是他们有问题”。\r\n</p>\r\n<p>\r\n	他称，正常的抢票软件会遵守12306的规则，但一些小公司甚至黄牛开发的抢票软件“任何可能买到票的手段都会用到”，包括连接速度、破解验证码的速度。\r\n</p>\r\n<p>\r\n	他说，目前网上只公开了13万条泄露数据，除了撞库，是否还有其他原因，有待继续分析和警方调查。\r\n</p>\r\n<p>\r\n	陈钟认为，抢票软件能够成功抢票，说明系统里一定有正常的、可以使用的交互过程，“这里面可能还有其他方面的博弈，或者说管理上的博弈”。\r\n</p>\r\n<p>\r\n	陈钟强调，要以事实为依据，如果系统存在设计或管理缺陷，应该加以解决。\r\n</p>\r\n<p>\r\n	12306可填补哪些漏洞?\r\n</p>\r\n<p>\r\n	此次事件之前，在国内漏洞报告平台“乌云网”，12306网站2011年以来被网友指出约60处漏洞。其中，“验证码”问题是屡受诟病的漏洞之一。\r\n</p>\r\n<p>\r\n	验证码是用户登录时的一道关卡，只有用户名、密码、验证码都正确才可正常登录。如果验证码措施得当，即使黑客程序掌握了用户名、密码，“试”出其正确性的难度也大大增加。\r\n</p>\r\n<p>\r\n	余弦告诉中国青年报记者，在此次“撞库”事件中，12306存在易被“撞库”攻击的接口，该接口没做好安全防御，“原则上应该做好防御，比如，限制一个IP对这个接口的请求频率，超过一定频率或次数就应该采用验证码措施或屏蔽措施。”\r\n</p>\r\n<p>\r\n	知道创宇公司并非类似问题的唯一提出者。2014年1月，面对多位网友长期的漏洞提示，12306网站的厂商“中国铁道科学研究院”在乌云网答复网友“debbbbie”时坦言，“关于验证码的事情大家已经说得太多了，让你们受累”。\r\n</p>\r\n<p>\r\n	而在2013年12月，厂商在乌云网答复《12306弱验证码可被轻松识别》时还称，验证码搞复杂了，机器和用户都不好认，为了用户体验，公司选择简单验证码。\r\n</p>\r\n<p>\r\n	陈钟认为，高强度的安全措施肯定有高成本，一个系统应该设计到什么程度，安全性、方便性要有一个平衡。他相信，随着网络应用、安全风险的掌控逐渐深入，相应的身份鉴别措施会加强，方便性也会得到保障。\r\n</p>\r\n<p>\r\n	“从目前来看，这个系统在认证方面所做的要求还是比较低的。相比银行金融系统，比如说使用优盾或其他鉴别方式，它在辨别方面做得还是比较弱的。”陈钟说。\r\n</p>\r\n<p>\r\n	在李铁军看来，从网络安全角度来说，12306账号系统可以引入“手机验证码”的机制，仅仅是泄露了用户名、密码，也无法登录这个系统。\r\n</p>\r\n<p>\r\n	“当用户换了一台机器，或者换了一个城市，IP地址发生了改变，这个时候，像其他安全公司的大数据支撑一样，就应该判断出来这个用户的账号可能出现了安全隐患，这种情况下，登录是不是要验证用户的手机呢?我觉得加一道关可能会好一些。”他解释。\r\n</p>\r\n<p>\r\n	李铁军还发现，只要登录12306网站，就可以看到常用联系人的身份证、手机号等信息，“这方面是不是可以考虑做一个隐藏、技术处理?当这些用户需要修改的时候，才能看到它。第二重验证的时候才可以看到完整的信息，而不是一登录进去就能看到”。\r\n</p>\r\n<p>\r\n	陈钟说，对于用户个人，不要设置简单、长期不变的密码。不管系统提供了多强大的认证，这都是用户个人的基本安全措施。\r\n</p>\r\n<p>\r\n	为何公共部门多次发生信息泄露事件?\r\n</p>\r\n<p>\r\n	在此次事件公开之前，国内“补天”漏洞响应平台也发布了多起信息泄露事件。尽管有关厂商对此已经确认，但媒体鲜有报道。中国青年报记者发现，其中多起事件与政府部门有关。\r\n</p>\r\n<p>\r\n	泄露数据量最大的是“全杭州市2003年至今所有近90万名新生婴儿及近180万名父母敏感信息”，包括姓名、年龄、身份证、家庭住址等。12月24日漏洞被网友提交当天，浙江省卫生和计划生育委员会就确认了该漏洞。\r\n</p>\r\n<p>\r\n	此外，浙江省卫计委的12万名儿童及家长信息、南京车管所某系统的46万名学员信息等数据，也被网友作为漏洞提交，并得到当事厂商确认。\r\n</p>\r\n<p>\r\n	一系列信息泄露事件引起一些网友的猜想。多位人士告诉中国青年报记者，他们在网上报名国家、地方各类考试后，也经常收到推销所谓内部答案的垃圾短信。\r\n</p>\r\n<p>\r\n	公开报道中，组织部门对考生收到答案的答复通常是，官方没有泄露考生信息，请考生注意保护个人信息安全。\r\n</p>\r\n<p>\r\n	李铁军认为，目前，国内各行各业都希望把自身业务通过互联网技术加以改造，在此过程中，可能由于缺少安全方面的专业人才，便只提供了互联网服务，在数据保护和信息加密方面相对比较弱。\r\n</p>\r\n<p>\r\n	“我们现在看到的一些情况就是，普通网民的信息通过各种渠道被泄露出去的概率是非常高的。政府机关、学校，还有其他一些非互联网企业，刚刚开始把它的业务向互联网转型来做的时候，可能安全不是他们首先要考虑的事情，所以这就给一些入侵者造成了机会。”李铁军分析。\r\n</p>\r\n<p>\r\n	陈钟告诉记者，现在，医院、学校等政府部门、事业单位的一些系统大多是委托专业公司开发的，很难将“水平低”作为信息泄露的借口，“可能过去由于技术的缺陷，或是对这个不重视，会暴露一些问题。这在以前的信息泄露事件中也曾反映出来”。\r\n</p>\r\n<p>\r\n	陈钟说，我们国家现在实行信息等级保护制度，核心的部分在防控，不同等级有不同的要求，这个体系还是完善的，但要看具体的执行和管理，“这方面要加强整合和监督，特别是发生了问题要及时亡羊补牢”。\r\n</p>\r\n<p>\r\n	李铁军同样认为，管理机关要重视个人信息的保护，提供这些服务的开发者则应该多考虑安全方面的设计，因为个人信息泄露最终的受害者是网民，存储个人信息的单位基本上没有什么损失。\r\n</p>\r\n<p>\r\n	12306网站已走出了亡羊补牢的一步。12月27日，中国铁道科学研究院在“补天”平台中开始悬赏征集漏洞，截至发稿，一条漏洞的悬赏金额为1000元。\r\n</p>\r\n<p>\r\n	陈钟评价，采取类似的方式去发现弱点、补漏洞是可取的。12306网站还可以更多地与业界的专业人士、厂商合作，完善制度和系统，“关起门来自己做的方式还是需要改善，要适应现在更开放的互联网的环境”。\r\n</p>\r\n<p>\r\n	此前，曾有法学学者在接受中国青年报采访时表示，如果政府部门泄露的信息导致公民受到损失，可以申请国家赔偿。\r\n</p>\r\n<p>\r\n	<br />\r\n</p>', '2015-01-23', '0', '2', '13', 'zh_cn', '12306网站数据泄露', 'article', '0', '0', null, null, null);
INSERT INTO `xm_article` VALUES ('102', '四个问题让你了解什么是DCIM？', '<p>\r\n	问题1.什么是DCIM?\r\n</p>\r\n<p>\r\n	DCIM全称Data Center Infrastructure  \r\nManagement，即数据中心基础设施管理。DCIM是近两年在数据中心管理领域兴起的一个热点话题,旨在采用统一的平台同时管理关键基础设施如\r\nUPS、空调以及IT基础架构如服务器，并通过数据的分析和聚合，最大化数据中心的运营效率，提高可靠性。\r\n</p>\r\n<p>\r\n	DCIM概念起源于国外，不同的机构对DCIM也有不同的定义，但同一的思想是DCIM工具可以架起一座沟通关键基础设施和IT设备之前的桥梁，从而帮助运营者管理数据中心。\r\n</p>\r\n<p>\r\n	Gartner对DCIM的定义是：\r\n</p>\r\n<p>\r\n	Data center infrastructure management (DCIM) tools monitor, measure, \r\nmanage  and/or control data center utilization and energy consumption of\r\n all IT-related  equipment (such as servers, storage and network \r\nswitches) and facility  infrastructure components (such as power \r\ndistribution units [PDUs] and computer  room air conditioners [CRACs]).\r\n</p>\r\n<p>\r\n	数据中心基础设施管理(DCIM)工具监控、管理和控制数据中心所有IT相关设备(例如服务器、存储和交换机)和基础设施相关设备(例如PDU和精密空调)的使用情况以及能耗水平。\r\n</p>\r\n<p>\r\n	451 Group对DCIM的定义是：\r\n</p>\r\n<p>\r\n	A datacenter infrastructure management system collects and manages  \r\ninformation about a datacenter’s assets, resource use and operational \r\nstatus.  This information is then distributed, integrated, analyzed and \r\napplied in ways  that help managers meet business and service-oriented \r\ngoals and optimize the  datacenter’s performance.\r\n</p>\r\n<p>\r\n	数据中心基础设施系统通过持续收集和管理数据中心的资产、资源以及各种设备的运行状态，然后通过分析、整合提炼成有用的数据，从而帮助数据中心管理者管理数据中心并优化性能。\r\n</p>\r\n<p>\r\n	问题2.国内外有哪些主要的DCIM厂商?\r\n</p>\r\n<p>\r\n	拥有DCIM解决方案的国外厂商有施耐德电气、艾默生、CA  \r\nTechnologies、美国康普、西门子、美国力登、德讯科技(Datcent)、泛达(Panduit)等。同时，英特尔也是DCIM的积极倡导\r\n者，并将其Node  Manager技术授权给了Fieldview Solutions、iTRACS、JouleX、 \r\nPowerAssure、Modius、  CiRBA、Viridity等厂商，得到了市场的响应和支持。\r\n</p>\r\n<p>\r\n	国内厂商代表主要是华为和深圳共济科技有限公司。此外，国内一些做数据中心动环监控系统的厂商也陆续推出了DCIM解决方案。\r\n</p>\r\n<p>\r\n	问题3. DCIM为IT企业提供哪些重要价值?\r\n</p>\r\n<p>\r\n	DCIM主要为IT企业提供以下重要价值：\r\n</p>\r\n<p>\r\n	1. 提供对数据中心电力、冷却和物理空间使用的持续重新优化，这可以帮助节省资金用于扩大现有数据中心或构建新的数据中心。\r\n</p>\r\n<p>\r\n	2. 整合IT与数据中心设施管理。这有助于拉近IT管理人员和设施管理人员的距离，为他们提供信息和分析，让这两个相互关联的职位重新走到一起。\r\n</p>\r\n<p>\r\n	3.  实现更高的能源效率。单从能源成本节约来看，就足以让企业考虑采购DCIM工具，更何况这些工具还提供其他好处，而这些好处可能更难以量化，例如改进工作流程。\r\n</p>\r\n<p>\r\n	4. 建模和/或模拟数据中心，让IT管理人员和设施管理人员可以分析“假设”场景。\r\n</p>\r\n<p>\r\n	5. 通过显示资源/资产如何关联，加强资源和资产管理。\r\n</p>\r\n<p>\r\n	问题4.选择、部署DCIM解决方案经常存在哪些误区?\r\n</p>\r\n<p>\r\n	通过研究发现，最终用户在评估和部署DCIM 解决方案的过程中容易存在以下三类误区：\r\n</p>\r\n<p>\r\n	一是选择了不恰当的解决方案。目前市场上DCIM  \r\n供应商和解决方案(+微信关注网络世界)，而且数量还在不断增长。这些DCIM方案看起来又相同又不同，往往令用户感到困惑。不管怎样，选择具体DCIM\r\n方案时，用户应该考察该DCIM方案是否具备某些基本特性，例如可扩展性、模块化、标准化、预制化、开放式通信架构，等等。\r\n</p>\r\n<p>\r\n	二是采用了不充分或不匹配的流程。最终用户应当从长期着眼来规划、创建和支持DCIM解决方案实施流程和日常运行流程。\r\n</p>\r\n<p>\r\n	三是缺乏必要的重视度、责任归属不明晰，也会导致用户选择的工具套件无法正常提供原有的设计功能。实际上，数据中心设施部门、IT  部门和管理团队均应参与评估阶段的工作,他们必须对企业组织的需求、目标和实施计划达成一致意见，并指定每个流程的负责人。\r\n</p>', '2015-01-23', '0', '2', '13', 'zh_cn', 'DCIM', 'article', '0', '0', null, null, null);
INSERT INTO `xm_article` VALUES ('103', '7种DDoS黑客攻击技术方法的介绍', '<p>\r\n	以下的文章主要向大家讲述的是常用的DDoS黑客攻击技术方法，DDOS攻击是现在最常见的也是危害性最大的一种黑客攻击方式，下面就给大家简单介绍一下DDOS的七种攻击方式。\r\n</p>\r\n<p>\r\n	DDOS攻击是现在最常见的一种黑客攻击方式，下面就给大家简单介绍一下DDOS的七种攻击方式。\r\n</p>\r\n<p>\r\n	1.Synflood: 该攻击以多个随机的源主机地址向目的主机发送SYN包，而在收到目的主机的SYN \r\nACK后并不回应，这样，目的主机就为这些源主机建立了大量的连接队列，而且由于没有收到ACK一直维护着这些队列，造成了资源的大量消耗而不能向正常请\r\n求提供服务。\r\n</p>\r\n<p>\r\n	2.Smurf：该攻击向一个子网的广播地址发一个带有特定请求(如ICMP回应请求)的包，并且将源地址伪装成想要攻击的主机地址。子网上所有主机都回应广播包请求而向被攻击主机发包，使该主机受到攻击。\r\n</p>\r\n<p>\r\n	3.Land-based：攻击者将一个包的源地址和目的地址都设置为目标主机的地址，然后将该包通过IP欺骗的方式发送给被攻击主机，这种包可以造成被攻击主机因试图与自己建立连接而陷入死循环，从而很大程度地降低了系统性能。\r\n</p>\r\n<p>\r\n	4.Ping of \r\nDeath：根据TCP/IP的规范，一个包的长度最大为65536字节。尽管一个包的长度不能超过65536字节，但是一个包分成的多个片段的叠加却能\r\n做到。当一个主机收到了长度大于65536字节的包时，就是受到了Ping of Death攻击，该攻击会造成主机的宕机。\r\n</p>\r\n<p>\r\n	5.Teardrop：IP数据包在网络传递时，数据包可以分成更小的片段。攻击者可以通过发送两段(或者更多)数据包来实现TearDrop攻\r\n击。第一个包的偏移量为0，长度为N，第二个包的偏移量小于N。为了合并这些数据段，TCP/IP堆栈会分配超乎寻常的巨大资源，从而造成系统资源的缺乏\r\n甚至机器的重新启动。\r\n</p>\r\n<p>\r\n	6.PingSweep：使用ICMP Echo轮询多个主机。\r\n</p>\r\n<p>\r\n	7.Pingflood: 该攻击在短时间内向目的主机发送大量ping包，造成网络堵塞或主机资源耗尽。\r\n</p>', '2015-01-23', '0', '2', '13', 'zh_cn', 'DDoS黑客攻击技术', 'article', '0', '0', null, null, null);
INSERT INTO `xm_article` VALUES ('104', 'Web应用开发方法', '熟练掌握Web应用开发方法，能系统化Web应用的开发全过程，提高开发效率和开发质量。\r\n<div>\r\n	&nbsp;\r\n</div>\r\n<div>\r\n	1. 易于掌握\r\n</div>\r\n<div>\r\n	开发方法的一个目的是为了减轻开发人员的工作量,所以应该具有易于掌握的特点,但这不应以牺牲表达能力为代价,即Web应用开发方法应该能对Web程\r\n序的各个方面进行全面详细的描述。为平衡表达能力和掌握难度,可采用的方法是封装细节,对那具有共性的细节进行抽象,以模式的方式提供选择,这样开发方法\r\n为开发者提供的是高层次的设计概念和方法,掩藏了细节,在不牺牲表达能力的基础上降低了掌握难度,但必要时设计者仍然可以对细节进行设计以满足特殊的情\r\n况。另外,设计方法应充分考虑用户已有的设计经验和技术。\r\n</div>\r\n<div>\r\n	&nbsp;\r\n</div>\r\n<div>\r\n	2. 对复杂系统建模的能力\r\n</div>\r\n<div>\r\n	Web应用的范围涵盖从简单的静态站点到动态交互的Web应用。近年来,Web应用发展迅速,特别地,当大量传统信息和数据库系统被移植到Web环境下,一种新型的Web应用程序出现了,这些程序利用Web平台支持和执行商业过程以及工作流,例如出租和预订服务,虚拟拍卖、在线保险等。成熟的Web应用开发方法应该能适用这种需求,这就需要有对商业过程、工作流进行建模的能力,并和Web系统设计的其他部分有机结合。\r\n</div>\r\n<div>\r\n	&nbsp;\r\n</div>\r\n<div>\r\n	&nbsp;\r\n</div>\r\n<div>\r\n	3. 表现层建模的能力\r\n</div>\r\n<div>\r\n	传统的设计方法一般不很重视界面设计,而和传统的软件系统相比,Web系统表现设计有自己的特点:(1)系统的很多高级功能体现在表现层,这需要提高\r\n界面的设计质量;(2)界面中包含着大量的多媒体信息;(3)Web设计方法一般不仅给设计人员使用,而且需要给美工、编辑等使用,他们更关心系统的表现\r\n设计。所以Web应用开发方法需要能针对这些特点对表现层建模。\r\n</div>\r\n<div>\r\n	&nbsp;\r\n</div>\r\n<div>\r\n	4. 系统定制的支持\r\n</div>\r\n<div>\r\n	Web系统成功与否主要依赖于用户的满意程度。成功的Web系统应该具有丰富的功能,易于使用的界面和定义良好的导航结构。而为了达到更高的用户满意\r\n度,一个主要的技术是通过个性化定制把合适的内容在合适的时间分发给合适的人。开发方法需要提供系统定制能力,这主要通过对用户的定义和描述来完成,其中\r\n包括对用户分组以及用户之间联系的处理。\r\n</div>\r\n<div>\r\n	&nbsp;\r\n</div>\r\n<div>\r\n	5. 模型集成和连通的能力\r\n</div>\r\n<div>\r\n	能够在较高的抽象层次上表达系统和资源是怎样集成的。一方面,在很多组织中,新开发的Web系统需要和以前存在的业务系统密切关联。这些业务系统可能\r\n在不同的平台和实现语言下开发。开发方法应该能支持和这些遗产系统无缝连接。另一方面,组件的集成大部分依赖于接口描述,开发方法应提供精确的和无二义的\r\n对组件接口建模和文档化的能力。最后,Web系统需要和大量的资源和信息服务等相联接,这些可能不局限于组织内部,开发方法应提供表达和存取机制。\r\n</div>\r\n<div>\r\n	&nbsp;\r\n</div>\r\n<div>\r\n	6. 自动生成能力\r\n</div>\r\n<div>\r\n	能否提供自动生成能力以及能力的大小是Web应用开发方法成熟度的一个重要衡量标准,理想的开发方法应能提供从模型描述到运行、配置代码的自动生成。\r\n</div>\r\n<div>\r\n	&nbsp;\r\n</div>\r\n<div>\r\n	7. 工具和文档支持\r\n</div>\r\n<div>\r\n	理想的工具应能支持在用户参与下,完成从需求确定到实现维护的整个开发过程。丰富的文档支持是设计者能否掌握开发方法的重要方面。可以说,工具和文档的支持能力是开发方法能否得到广泛应用的关键。\r\n</div>', '2015-01-23', '0', '2', '12', 'zh_cn', 'Web应用开发方法', 'article', '0', '0', null, null, null);
INSERT INTO `xm_article` VALUES ('105', '平面设计', '岗位职责<br />\r\n1、负责公司产品外观的设计与开发；<br />\r\n2、负责公司新品的研发；<br />\r\n3、负责公司宣传画册和车身广告的设计与制作；<br />\r\n4、 协助销售部门制作PPT、产品演示版本等；<br />\r\n5、 对公司网站界面进行设计修改，协助进行网站更新及维护工作。<br />\r\n任职资格<br />\r\n1、 美术、平面设计相关专业，大学专科及以上学历，男性；<br />\r\n2、 有两年以上相关工作经验；<br />\r\n3、 熟练掌握Flash、Fireworks、Dreamweaver、Photoshop、Coreldraw等设计软件；<br />\r\n4、 热爱本职工作，工作细心、责任心强，创新能力强；', '2015-01-23', '0', '2', '7', 'zh_cn', '平面设计', 'job', '0', '0', null, null, null);
INSERT INTO `xm_article` VALUES ('106', 'Apple/苹果 iPhone 5代智能手机无锁移动联通三网电信3G原装正品', '<p>\r\n	<img src=\"attached/image/product/20150123/20150123043052_44557.png\" alt=\"\" />\r\n</p>\r\n<p>\r\n	Apple/苹果 iphone 疑问解答：\r\n</p>\r\n<p>\r\n	1、在回答问题前，我要解释一下，Iphone 4S大部分都是在中国富士康生产的。意思就是说，有锁的和无锁的苹果4是出自同一个地方。请大家不要怀疑有锁机和无锁机是不是官方正版的机器。<br />\r\n&nbsp;&nbsp;\r\n</p>\r\n<p>\r\n	2、有锁机是指销售方捆绑了当地的运营商，只能使用这个运营商的服务。无锁版是指没有绑定运营商，可以使用任意国家运营商服务的版本。\r\n</p>\r\n<p>\r\n	&nbsp;\r\n</p>\r\n<p>\r\n	3、有锁与无锁的区别：\r\n</p>\r\n<p>\r\n	有网络锁的机子使用国内的SIM卡，要解锁或者用卡贴手机才可以识别出SIM卡，唯一就是不可以随便升级，而且存手机号码前需要加86，比如要存这个15899755497那么在它前面需要加86（8615899755497）<br />\r\n无锁美版和港版，行货是一样的。机器没有区别的，用起来一样随便升级什么的都可以，二手就是要美版才便宜，港版，行货至少贵美版几百元。\r\n</p>\r\n<p>\r\n	&nbsp;\r\n</p>\r\n<p>\r\n	4、行货(大陆版)、港版、美版无锁机、加拿大无锁机、英国无锁机、迪拜无锁机、韩国无锁机等等，这些都是无锁机，插卡即用，其他没有任何区别。不一样的只是销售地区不一样，价格不一样。苹果手机是全球机器，基本上是什么语言都有，只要设置一下就可以了）。<br />\r\n&nbsp;\r\n</p>\r\n<p>\r\n	&nbsp;5、问：有锁机和无锁机使用起来一样吗？\r\n</p>\r\n<p>\r\n	答：首先有锁机开机需要解锁（也就是用卡贴），无锁机插卡即用，其他都一样。不一样的是有锁机比无锁机的价格低了一大截。\r\n</p>\r\n<p>\r\n	&nbsp;\r\n</p>\r\n<p>\r\n	6、有锁机可不可以越狱：\r\n</p>\r\n<p>\r\n	答：越狱和有锁，两者是没有关系的。越狱只和手机的版本有关。和有锁没有关系的。\r\n</p>', '2015-01-23', '0', '2', '15', 'zh_cn', '苹果智能手机', 'product', '0', '0', null, null, null);
INSERT INTO `xm_article` VALUES ('107', ' Samsung/三星 GALAXY Note4 N910U单卡智能手机 货到付款包邮代发', '<p>\r\n	<img src=\"attached/image/product/20150123/20150123043840_39646.png\" alt=\"\" />\r\n</p>\r\n<p>\r\n	<br />\r\n</p>\r\n<p>\r\n	官网标配：原装电池1个/充电器/耳机线/数据线/说明书/包装盒单卡=1200元 &nbsp;双卡=1980元\r\n</p>\r\n<p>\r\n	&nbsp;\r\n</p>\r\n<p>\r\n	套餐一：官网标配+原装电池+8G内存卡=单卡 &nbsp;1260元 =双卡 &nbsp; 2040元\r\n</p>\r\n<p>\r\n	&nbsp;\r\n</p>\r\n<p>\r\n	套餐二：官网标配+原装电池+16G内存卡= 单卡 1320元 = 双卡 2100元 &nbsp;&nbsp;\r\n</p>\r\n<p>\r\n	&nbsp;\r\n</p>\r\n<p>\r\n	套餐三：官网标配+原装电池+32G内存卡= &nbsp;单卡 1400元&nbsp; = &nbsp;双卡 2180元\r\n</p>\r\n<p>\r\n	&nbsp;\r\n</p>\r\n<p>\r\n	赠送价值588元8重好礼：活动只限3天！亲，错过这村，就没这店了哦！赶紧抢购吧\r\n</p>\r\n<p>\r\n	惊喜1：送韩国精美皮套一个！\r\n</p>\r\n<p>\r\n	惊喜2： &nbsp;送香水充电宝！<br />\r\n惊喜3： &nbsp;送高清保护膜一张！<br />\r\n惊喜4：&nbsp;&nbsp;送电容笔一支！<br />\r\n惊喜5:&nbsp;&nbsp;&nbsp;果冻保护壳一个！\r\n</p>\r\n<p>\r\n	惊喜6： 送剪卡器一个！<br />\r\n惊喜7： 全场所有商品免邮费！<br />\r\n惊喜8：收货24小时内确认好评全5分返现30元\r\n</p>', '2015-01-23', '0', '2', '15', 'zh_cn', '三星', 'product', '0', '0', null, null, null);
INSERT INTO `xm_article` VALUES ('108', '下载示例一', '下载示例一', '2015-01-23', '0', '2', '5', 'zh_cn', '下载示例', 'download', '0', '0', null, null, null);
INSERT INTO `xm_article` VALUES ('109', '下载示例二', '下载示例二', '2015-01-23', '0', '2', '5', 'zh_cn', '下载示例', 'download', '0', '0', null, null, null);
INSERT INTO `xm_article` VALUES ('110', '下载示例三', '下载示例三', '2015-01-23', '0', '2', '5', 'zh_cn', '下载示例', 'download', '0', '0', null, null, null);
INSERT INTO `xm_article` VALUES ('111', '下载示例四', '下载示例四', '2015-01-23', '0', '2', '5', 'zh_cn', '下载示例', 'download', '0', '0', null, null, null);
INSERT INTO `xm_article` VALUES ('112', '下载示例五', '下载示例五', '2015-01-23', '0', '2', '5', 'zh_cn', '下载示例', 'download', '0', '0', null, null, null);
INSERT INTO `xm_article` VALUES ('113', ' 小麦CMS最终用户授权许可协议', '<h3>\r\n	GNU GPL\r\n</h3>\r\n<p>\r\n	GNU General Public Licence (GPL) 有可能是开源界最常用的许可模式。GPL  保证了所有开发者的权利，同时为使用者提供了足够的复制，分发，修改的权利：\r\n</p>\r\n<ul>\r\n	<li>\r\n		<strong>可自由复制</strong><br />\r\n你可以将软件复制到你的电脑，你客户的电脑，或者任何地方。复制份数没有任何限制。\r\n	</li>\r\n	<li>\r\n		<strong>可自由分发</strong><br />\r\n在你的网站提供下载，拷贝到U盘送人，或者将源代码打印出来从窗户扔出去（环保起见，请别这样做）。\r\n	</li>\r\n	<li>\r\n		<strong>可以用来盈利</strong><br />\r\n你可以在分发软件的时候收费，但你必须在收费前向你的客户提供该软件的 GNU GPL  许可协议，以便让他们知道，他们可以从别的渠道免费得到这份软件，以及你收费的理由。\r\n	</li>\r\n	<li>\r\n		<strong>可自由修改</strong><br />\r\n如果你想添加或删除某个功能，没问题，如果你想在别的项目中使用部分代码，也没问题，唯一的要求是，使用了这段代码的项目也必须使用 GPL 协议。\r\n	</li>\r\n</ul>\r\n<p>\r\n	需要注意的是，分发的时候，需要明确提供源代码和二进制文件，另外，用于某些程序的某些协议有一些问题和限制。使用 GPL  协议，你必须在源代码代码中包含相应信息，以及协议本身。\r\n</p>\r\n<br />', '2015-02-05', '0', '2', '26', 'zh_cn', ' 小麦CMS最终用户授权许可协议', 'article', '0', '0', null, null, null);

-- ----------------------------
-- Table structure for xm_article_image
-- ----------------------------
DROP TABLE IF EXISTS `xm_article_image`;
CREATE TABLE `xm_article_image` (
  `article_id` int(11) NOT NULL AUTO_INCREMENT,
  `image` varchar(255) DEFAULT NULL,
  PRIMARY KEY (`article_id`)
) ENGINE=InnoDB AUTO_INCREMENT=95 DEFAULT CHARSET=utf8;

-- ----------------------------
-- Records of xm_article_image
-- ----------------------------
INSERT INTO `xm_article_image` VALUES ('87', '/attached/image/image/20150123/20150123024639_70606.png');
INSERT INTO `xm_article_image` VALUES ('88', '/attached/image/image/20150123/20150123024833_32156.png');
INSERT INTO `xm_article_image` VALUES ('89', '/attached/image/image/20150123/20150123025003_13515.png');
INSERT INTO `xm_article_image` VALUES ('90', '/attached/image/image/20150123/20150123025153_67109.png');
INSERT INTO `xm_article_image` VALUES ('91', '/attached/image/image/20150123/20150123025312_34955.png');
INSERT INTO `xm_article_image` VALUES ('92', '/attached/image/image/20150123/20150123025501_44362.png');
INSERT INTO `xm_article_image` VALUES ('93', '/attached/image/image/20150123/20150123030257_13545.png');
INSERT INTO `xm_article_image` VALUES ('94', '/attached/image/image/20150123/20150123030614_43684.png');

-- ----------------------------
-- Table structure for xm_article_job
-- ----------------------------
DROP TABLE IF EXISTS `xm_article_job`;
CREATE TABLE `xm_article_job` (
  `article_id` int(11) NOT NULL AUTO_INCREMENT,
  `place` varchar(255) DEFAULT NULL,
  `pay` varchar(255) DEFAULT NULL,
  `employnum` int(11) DEFAULT NULL,
  PRIMARY KEY (`article_id`)
) ENGINE=InnoDB AUTO_INCREMENT=106 DEFAULT CHARSET=utf8;

-- ----------------------------
-- Records of xm_article_job
-- ----------------------------
INSERT INTO `xm_article_job` VALUES ('68', '无锡', '面议', '1');
INSERT INTO `xm_article_job` VALUES ('69', '无锡', '面议', '1');
INSERT INTO `xm_article_job` VALUES ('70', '无锡', '面议', '1');
INSERT INTO `xm_article_job` VALUES ('71', '无锡', '面议', '1');
INSERT INTO `xm_article_job` VALUES ('72', '无锡', '面议', '1');
INSERT INTO `xm_article_job` VALUES ('83', '无锡', '面议', '1');
INSERT INTO `xm_article_job` VALUES ('84', '无锡', '面议', '1');
INSERT INTO `xm_article_job` VALUES ('85', '无锡', '面议', '1');
INSERT INTO `xm_article_job` VALUES ('86', '无锡', '面议', '1');
INSERT INTO `xm_article_job` VALUES ('105', '无锡', '面议', '1');

-- ----------------------------
-- Table structure for xm_article_product
-- ----------------------------
DROP TABLE IF EXISTS `xm_article_product`;
CREATE TABLE `xm_article_product` (
  `article_id` int(11) NOT NULL,
  `image` varchar(255) DEFAULT NULL,
  `version` varchar(255) DEFAULT NULL,
  PRIMARY KEY (`article_id`)
) ENGINE=InnoDB DEFAULT CHARSET=utf8;

-- ----------------------------
-- Records of xm_article_product
-- ----------------------------
INSERT INTO `xm_article_product` VALUES ('106', '/attached/image/product/20150123/20150123043052_44557.png', null);
INSERT INTO `xm_article_product` VALUES ('107', '/attached/image/product/20150123/20150123043840_39646.png', null);

-- ----------------------------
-- Table structure for xm_config
-- ----------------------------
DROP TABLE IF EXISTS `xm_config`;
CREATE TABLE `xm_config` (
  `syskey` varchar(255) DEFAULT NULL,
  `content` text,
  `keytype` varchar(255) DEFAULT NULL,
  `description` varchar(255) DEFAULT NULL,
  `lang` varchar(255) NOT NULL DEFAULT 'zh_cn'
) ENGINE=InnoDB DEFAULT CHARSET=utf8;

-- ----------------------------
-- Records of xm_config
-- ----------------------------
INSERT INTO `xm_config` VALUES ('webname', '小麦的小站', 'basic', '网站名称', 'zh_cn');
INSERT INTO `xm_config` VALUES ('weblogo', 'attached/image/logo/20141231/0e3e40cf06e7778f4b6cc3cf194636a2.jpg', 'basic', '网站LOGO', 'zh_cn');
INSERT INTO `xm_config` VALUES ('weburl', 'http://www.x-mai.com', 'basic', '网站网址', 'zh_cn');
INSERT INTO `xm_config` VALUES ('webkeyword', '小麦CRM,小麦CMS，小麦信息管理系统,小麦客户关系管理系统', 'basic', '网站关键字', 'zh_cn');
INSERT INTO `xm_config` VALUES ('webdesc', '小麦信息管理系统,小麦客户关系管理系统，企业网站建设，企业网站模板，网站定制，功能定制开发。', 'basic', '网站描述', 'zh_cn');
INSERT INTO `xm_config` VALUES ('showchange', null, 'lang', '显示网站语言切换', 'zh_cn');
INSERT INTO `xm_config` VALUES ('defaultlang', 'zh_cn', 'lang', '网站默认语言', 'zh_cn');
INSERT INTO `xm_config` VALUES ('copyright', 'r34sdfsdfsd', 'foot', '版权信息', 'zh_cn');
INSERT INTO `xm_config` VALUES ('postcode', 'rrr3s但是复苏的', 'foot', '地址邮编', 'zh_cn');
INSERT INTO `xm_config` VALUES ('contact', 'rrrsdfwe2', 'foot', '联系方式', 'zh_cn');
INSERT INTO `xm_config` VALUES ('othercode', '435问问', 'foot', '第三方代码', 'zh_cn');
INSERT INTO `xm_config` VALUES ('otherinfo', '43522斯蒂芬', 'foot', '底部其他信息', 'zh_cn');
INSERT INTO `xm_config` VALUES ('senduser', '小麦网服务邮箱', 'emailconfig', '发件人姓名', 'system');
INSERT INTO `xm_config` VALUES ('sendemail', '458820281@qq.com', 'emailconfig', '邮箱帐号', 'system');
INSERT INTO `xm_config` VALUES ('emailsmtp', 'smtp.qq.com', 'emailconfig', '邮件SMTP服务器', 'system');
INSERT INTO `xm_config` VALUES ('emailpwd', '', 'emailconfig', '邮箱密码', 'system');
INSERT INTO `xm_config` VALUES ('icp', '苏ICP备14039689号-1', 'basic', 'ICP备案号', 'zh_cn');
INSERT INTO `xm_config` VALUES ('isrewrite', '1', 'urlrewrite', '开启伪静态', 'system');
INSERT INTO `xm_config` VALUES ('webtel', '18115762950', 'basic', '网站联系电话', 'zh_cn');
INSERT INTO `xm_config` VALUES ('webphone', '18115762950', 'basic', '网站联系手机', 'zh_cn');
INSERT INTO `xm_config` VALUES ('webemail', '458820281@qq.com', 'basic', '网站联系Email', 'zh_cn');
INSERT INTO `xm_config` VALUES ('webname', '惠山区长安新麦网络信息技术服务部', 'basic', '网站名称', 'en_us');
INSERT INTO `xm_config` VALUES ('weblogo', '/attached/image/20131114/20131114060041_48367.png', 'basic', '网站LOGO', 'en_us');
INSERT INTO `xm_config` VALUES ('weburl', 'http://www.x-mai.com', 'basic', '网站网址', 'en_us');
INSERT INTO `xm_config` VALUES ('webkeyword', '新麦CRM,新麦CMS，新麦信息管理系统,新麦客户关系管理系统', 'basic', '网站关键字', 'en_us');
INSERT INTO `xm_config` VALUES ('webdesc', '客户满意，就是我们的追求', 'basic', '网站描述', 'en_us');
INSERT INTO `xm_config` VALUES ('showchange', null, 'lang', '显示网站语言切换', 'en_us');
INSERT INTO `xm_config` VALUES ('defaultlang', 'en_us', 'lang', '网站默认语言', 'en_us');
INSERT INTO `xm_config` VALUES ('copyright', 'r34sdfsdfsd', 'foot', '版权信息', 'en_us');
INSERT INTO `xm_config` VALUES ('postcode', 'rrr3s但是复苏的', 'foot', '地址邮编', 'en_us');
INSERT INTO `xm_config` VALUES ('contact', 'rrrsdfwe2', 'foot', '联系方式', 'en_us');
INSERT INTO `xm_config` VALUES ('othercode', '435问问', 'foot', '第三方代码', 'en_us');
INSERT INTO `xm_config` VALUES ('otherinfo', '43522斯蒂芬', 'foot', '底部其他信息', 'en_us');
INSERT INTO `xm_config` VALUES ('icp', '苏ICP备14039689号-1', 'basic', 'ICP备案号', 'en_us');
INSERT INTO `xm_config` VALUES ('webtel', '', 'basic', '网站联系电话', 'en_us');
INSERT INTO `xm_config` VALUES ('webphone', '15358062815', 'basic', '网站联系手机', 'en_us');
INSERT INTO `xm_config` VALUES ('webemail', '458820281@qq.com', 'basic', '网站联系Email', 'en_us');
INSERT INTO `xm_config` VALUES ('theme', 'classic', 'theme', '系统主题', 'system');
INSERT INTO `xm_config` VALUES ('alipay_id', 'pid', 'alipay', '合作者身份(PID)', 'system');
INSERT INTO `xm_config` VALUES ('alipay_key', '2', 'alipay', '安全校验码', 'system');
INSERT INTO `xm_config` VALUES ('alipay_account', 'ccc', 'alipay', '支付宝收款账号', 'system');

-- ----------------------------
-- Table structure for xm_feedback
-- ----------------------------
DROP TABLE IF EXISTS `xm_feedback`;
CREATE TABLE `xm_feedback` (
  `feedback_id` int(11) NOT NULL AUTO_INCREMENT,
  `module_id` int(11) DEFAULT NULL,
  `name` varchar(255) DEFAULT NULL,
  `sex` tinyint(4) DEFAULT NULL,
  `phone` varchar(255) DEFAULT NULL,
  `content` text,
  `createtime` datetime DEFAULT NULL,
  `tel` varchar(255) DEFAULT NULL,
  `email` varchar(255) DEFAULT NULL,
  `user_id` int(11) NOT NULL DEFAULT '0',
  `haveread` tinyint(4) NOT NULL DEFAULT '0',
  `lang` varchar(255) NOT NULL,
  PRIMARY KEY (`feedback_id`)
) ENGINE=InnoDB AUTO_INCREMENT=3 DEFAULT CHARSET=utf8;

-- ----------------------------
-- Records of xm_feedback
-- ----------------------------
INSERT INTO `xm_feedback` VALUES ('2', '10', '管理员', '1', '15358062815', '测试一下', '2015-01-23 16:11:47', '15358062815', '458820281@qq.com', '2', '1', 'zh_cn');

-- ----------------------------
-- Table structure for xm_firendlink
-- ----------------------------
DROP TABLE IF EXISTS `xm_firendlink`;
CREATE TABLE `xm_firendlink` (
  `friendlink_id` int(11) NOT NULL AUTO_INCREMENT,
  `webname` varchar(255) DEFAULT NULL,
  `weburl` varchar(255) DEFAULT NULL,
  `logourl` varchar(255) DEFAULT NULL,
  `keyword` varchar(255) DEFAULT NULL,
  `linktype` tinyint(4) DEFAULT '1' COMMENT '1,文字，2.图片',
  `seq` int(11) DEFAULT NULL,
  `isauth` tinyint(4) DEFAULT '0' COMMENT '是否审核，0，未审核，1.审核',
  `haveread` tinyint(4) DEFAULT '0',
  `lang` varchar(255) DEFAULT NULL,
  PRIMARY KEY (`friendlink_id`)
) ENGINE=InnoDB AUTO_INCREMENT=4 DEFAULT CHARSET=utf8;

-- ----------------------------
-- Records of xm_firendlink
-- ----------------------------
INSERT INTO `xm_firendlink` VALUES ('2', 'ZOL软件下载', 'http://xiazai.zol.com.cn/', '', '13', '1', '2', '1', '1', 'zh_cn');

-- ----------------------------
-- Table structure for xm_flash
-- ----------------------------
DROP TABLE IF EXISTS `xm_flash`;
CREATE TABLE `xm_flash` (
  `flash_id` int(11) NOT NULL AUTO_INCREMENT,
  `flashtype` varchar(255) DEFAULT NULL COMMENT '是flash,还是图片',
  `title` varchar(255) DEFAULT NULL,
  `lang` varchar(50) NOT NULL DEFAULT 'zh_cn',
  `name` varchar(50) DEFAULT NULL,
  PRIMARY KEY (`flash_id`)
) ENGINE=InnoDB AUTO_INCREMENT=6 DEFAULT CHARSET=utf8;

-- ----------------------------
-- Records of xm_flash
-- ----------------------------
INSERT INTO `xm_flash` VALUES ('2', 'images', '首页图片轮换', 'zh_cn', 'index_slider');
INSERT INTO `xm_flash` VALUES ('3', 'images', '首页图片轮换', 'en_us', 'index_slider');
INSERT INTO `xm_flash` VALUES ('4', 'images', '通栏图片', 'zh_cn', 'item_bar');
INSERT INTO `xm_flash` VALUES ('5', 'images', '通栏图片', 'en_us', 'item_bar');

-- ----------------------------
-- Table structure for xm_flashimages
-- ----------------------------
DROP TABLE IF EXISTS `xm_flashimages`;
CREATE TABLE `xm_flashimages` (
  `flashimage_id` int(11) NOT NULL AUTO_INCREMENT,
  `flash_id` int(11) DEFAULT NULL,
  `imageurl` varchar(255) DEFAULT NULL,
  `imagedesc` varchar(255) DEFAULT NULL,
  `seq` int(11) DEFAULT NULL,
  `title` varchar(255) DEFAULT NULL,
  `link` varchar(255) DEFAULT NULL,
  PRIMARY KEY (`flashimage_id`)
) ENGINE=InnoDB AUTO_INCREMENT=11 DEFAULT CHARSET=utf8;

-- ----------------------------
-- Records of xm_flashimages
-- ----------------------------
INSERT INTO `xm_flashimages` VALUES ('5', '4', '/attached/image/20131203/20131203143636_25433.png', '通栏图片', '0', '通栏图片', null);
INSERT INTO `xm_flashimages` VALUES ('6', '3', '/attached/image/20131127/20131127103815_76618.png', '图片描述1', '1', '图片1', null);
INSERT INTO `xm_flashimages` VALUES ('7', '3', '/attached/image/20131127/20131127104222_48822.png', '图片2描述', '2', '图片2', null);
INSERT INTO `xm_flashimages` VALUES ('8', '3', '/attached/image/20131127/20131127104245_32549.png', '图片2描述', '3', '图片3', null);
INSERT INTO `xm_flashimages` VALUES ('9', '5', '/attached/image/20131203/20131203143636_25433.png', '通栏图片', '0', '通栏图片', null);
INSERT INTO `xm_flashimages` VALUES ('10', '2', '/attached/image/logo/20141231/0e3e40cf06e7778f4b6cc3cf194636a2.jpg', 's', '3', 'sdfsdf', 's888888');

-- ----------------------------
-- Table structure for xm_fragment
-- ----------------------------
DROP TABLE IF EXISTS `xm_fragment`;
CREATE TABLE `xm_fragment` (
  `id` int(11) NOT NULL AUTO_INCREMENT,
  `key` varchar(255) DEFAULT NULL,
  `content` text,
  `title` varchar(50) DEFAULT NULL,
  `lang` varchar(50) NOT NULL DEFAULT 'zh_cn',
  PRIMARY KEY (`id`)
) ENGINE=InnoDB AUTO_INCREMENT=9 DEFAULT CHARSET=utf8;

-- ----------------------------
-- Records of xm_fragment
-- ----------------------------
INSERT INTO `xm_fragment` VALUES ('5', 'contact', '<div class=\"itemlist plr\">\r\n	<ul>\r\n		<li>\r\n			马上咨询：\r\n		</li>\r\n		<li>\r\n			QQ：458820281@qq.com\r\n		</li>\r\n		<li>\r\n			邮箱：458820281@qq.com\r\n		</li>\r\n		<li>\r\n			电话：15358062815\r\n		</li>\r\n		<li>\r\n			联系人：朱君\r\n		</li>\r\n	</ul>\r\n</div>', '通用联系信息', 'zh_cn');
INSERT INTO `xm_fragment` VALUES ('8', 'aboutus', '<table>\r\n	<tbody>\r\n		<tr>\r\n			<td>\r\n				<img src=\"attached/image/fragment/20150122/20150122073257_27251.png\" alt=\"\" height=\"227\" width=\"175\" /> \r\n			</td>\r\n			<td style=\"padding-left:20px;vertical-align:top;\">\r\n				<div class=\" mgb content\">\r\n					<p>\r\n						<strong>网站性质：</strong>个人\r\n					</p>\r\n					<p>\r\n						<strong>域名：</strong>x-mai.com\r\n					</p>\r\n					<p>\r\n						<strong>管理员：</strong>朱君\r\n					</p>\r\n					<p>\r\n						<strong>个人简介：</strong> IT从业人员，软件开发经验5年，熟悉JAVA,PHP开发，对于WEB端系统的设计、建设有一定的了解。\r\n					</p>\r\n					<p>\r\n						<strong>联系方式： </strong> QQ:458820281\r\n	手机：15358062815\r\n					</p>\r\n				</div>\r\n			</td>\r\n		</tr>\r\n	</tbody>\r\n</table>', '首页关于我们', 'zh_cn');

-- ----------------------------
-- Table structure for xm_group
-- ----------------------------
DROP TABLE IF EXISTS `xm_group`;
CREATE TABLE `xm_group` (
  `id` int(11) NOT NULL AUTO_INCREMENT,
  `groupname` varchar(255) DEFAULT NULL,
  `lang` varchar(255) DEFAULT NULL,
  PRIMARY KEY (`id`)
) ENGINE=InnoDB AUTO_INCREMENT=3 DEFAULT CHARSET=utf8;

-- ----------------------------
-- Records of xm_group
-- ----------------------------
INSERT INTO `xm_group` VALUES ('1', '普通用户', 'zh_cn');
INSERT INTO `xm_group` VALUES ('2', '代理商', 'zh_cn');

-- ----------------------------
-- Table structure for xm_lang
-- ----------------------------
DROP TABLE IF EXISTS `xm_lang`;
CREATE TABLE `xm_lang` (
  `id` int(11) NOT NULL AUTO_INCREMENT,
  `name` varchar(255) DEFAULT NULL,
  `flag` varchar(255) DEFAULT NULL,
  `useok` tinyint(4) DEFAULT NULL,
  `lang` varchar(255) DEFAULT NULL,
  `isdefault` tinyint(4) NOT NULL DEFAULT '0',
  `mark` varchar(255) DEFAULT NULL,
  PRIMARY KEY (`id`)
) ENGINE=InnoDB AUTO_INCREMENT=9 DEFAULT CHARSET=utf8;

-- ----------------------------
-- Records of xm_lang
-- ----------------------------
INSERT INTO `xm_lang` VALUES ('4', 'English', 'css/admin/img/en.gif', '1', 'en_us', '0', 'en_us');
INSERT INTO `xm_lang` VALUES ('5', '简体中文', 'css/admin/img/cn.gif', '1', 'zh_cn', '1', 'zh_cn');
INSERT INTO `xm_lang` VALUES ('7', 'English', 'css/admin/img/en.gif', '1', 'xm_en_us', '0', 'xmcms');
INSERT INTO `xm_lang` VALUES ('8', '简体中文', 'css/admin/img/cn.gif', '1', 'xm_zh_cn', '1', 'xmcms');

-- ----------------------------
-- Table structure for xm_message
-- ----------------------------
DROP TABLE IF EXISTS `xm_message`;
CREATE TABLE `xm_message` (
  `message_id` int(11) NOT NULL AUTO_INCREMENT,
  `module_id` int(11) DEFAULT NULL,
  `user_id` int(11) DEFAULT NULL,
  `content` varchar(255) DEFAULT NULL,
  `reply` tinytext,
  `createtime` datetime DEFAULT NULL,
  `title` varchar(255) DEFAULT NULL,
  `reply_id` int(11) DEFAULT NULL,
  `haveread` int(11) NOT NULL DEFAULT '0',
  PRIMARY KEY (`message_id`)
) ENGINE=InnoDB AUTO_INCREMENT=4 DEFAULT CHARSET=utf8;

-- ----------------------------
-- Records of xm_message
-- ----------------------------
INSERT INTO `xm_message` VALUES ('1', '9', '9', '请问最新的版本是多少？', 'v3.0', '2015-01-23 16:39:30', '小麦CMS最新版本是多少？', '2', '1');
INSERT INTO `xm_message` VALUES ('2', '9', '9', '订单功能有吗？需要有在线下单的功能？', '下单功能需要另外开发，或者等待至下一个版本。', '2015-01-23 16:40:04', '小麦CMS系统有没有订单功能？', '2', '1');
INSERT INTO `xm_message` VALUES ('3', '9', '2', 'sdfdsf', 'sdfsdfsdfdsfsdf', '2015-01-24 10:04:56', 'sdfsdf', '2', '1');

-- ----------------------------
-- Table structure for xm_module
-- ----------------------------
DROP TABLE IF EXISTS `xm_module`;
CREATE TABLE `xm_module` (
  `module_id` int(11) NOT NULL AUTO_INCREMENT,
  `category` varchar(255) DEFAULT NULL,
  `parentid` int(11) NOT NULL DEFAULT '-1',
  `seq` int(11) DEFAULT '0',
  `target` varchar(50) NOT NULL DEFAULT '_self',
  `lang` varchar(50) NOT NULL DEFAULT 'zh_cn',
  `module` varchar(50) DEFAULT NULL,
  `url` varchar(255) DEFAULT NULL,
  `iden` varchar(255) DEFAULT 'int',
  `ishid` tinyint(4) NOT NULL DEFAULT '0',
  `content` text,
  PRIMARY KEY (`module_id`)
) ENGINE=InnoDB AUTO_INCREMENT=27 DEFAULT CHARSET=utf8;

-- ----------------------------
-- Records of xm_module
-- ----------------------------
INSERT INTO `xm_module` VALUES ('2', '关于我们', '-1', '0', '_self', 'zh_cn', 'guide', null, '2::', '0', '<div class=\" mgb content\">\n	<p>\n		<strong>网站性质：</strong>个人\n	</p>\n	<p>\n		<strong>域名：</strong>x-mai.com\n	</p>\n	<p>\n		<strong>管理员：</strong>朱君\n	</p>\n	<p>\n		<strong>个人简介：</strong> IT从业人员，软件开发经验5年，熟悉JAVA,PHP开发，对于WEB端系统的设计、建设有一定的了解。\n	</p>\n	<p>\n		<strong>联系方式： </strong> QQ:458820281\n	手机：18115762950\n	</p>\n</div>');
INSERT INTO `xm_module` VALUES ('3', '新闻资讯', '-1', '0', '_self', 'zh_cn', 'article', null, '3::', '0', null);
INSERT INTO `xm_module` VALUES ('4', '产品展示', '-1', '0', '_self', 'zh_cn', 'product', null, '4::', '0', null);
INSERT INTO `xm_module` VALUES ('5', '下载中心', '-1', '0', '_self', 'zh_cn', 'download', null, '5::', '0', null);
INSERT INTO `xm_module` VALUES ('6', '客户案例', '-1', '0', '_self', 'zh_cn', 'image', null, '6::', '0', null);
INSERT INTO `xm_module` VALUES ('7', '招贤纳士', '-1', '0', '_self', 'zh_cn', 'job', null, '7::', '0', null);
INSERT INTO `xm_module` VALUES ('9', '在线留言', '2', '0', '_self', 'zh_cn', 'message', null, '2::9::', '0', null);
INSERT INTO `xm_module` VALUES ('10', '在线反馈', '2', '0', '_self', 'zh_cn', 'feedback', null, '2::10::', '0', null);
INSERT INTO `xm_module` VALUES ('12', '公司动态', '3', '0', '_self', 'zh_cn', 'article', null, '3::12::', '0', null);
INSERT INTO `xm_module` VALUES ('13', '业界资讯', '3', '0', '_self', 'zh_cn', 'article', null, '3::13::', '0', null);
INSERT INTO `xm_module` VALUES ('14', '珠宝配饰', '4', '0', '_self', 'zh_cn', 'product', null, '4::14::', '0', null);
INSERT INTO `xm_module` VALUES ('15', '手机数码', '4', '0', '_self', 'zh_cn', 'product', null, '4::15::', '0', null);
INSERT INTO `xm_module` VALUES ('16', '家电办公', '4', '0', '_self', 'zh_cn', 'product', null, '4::16::', '0', null);
INSERT INTO `xm_module` VALUES ('17', '母婴用品', '4', '0', '_self', 'zh_cn', 'product', null, '4::17::', '0', null);
INSERT INTO `xm_module` VALUES ('18', '家居家纺', '4', '0', '_self', 'zh_cn', 'product', null, '4::18::', '0', null);
INSERT INTO `xm_module` VALUES ('19', '软件下载', '5', '0', '_self', 'zh_cn', 'download', null, '5::19::', '0', null);
INSERT INTO `xm_module` VALUES ('20', '文件下载', '5', '0', '_self', 'zh_cn', 'download', null, '5::20::', '0', null);
INSERT INTO `xm_module` VALUES ('22', '联系我们', '2', '0', '_self', 'zh_cn', 'guide', null, '2::22::', '0', '<table style=\"width:100%;\" class=\"ke-zeroborder\" border=\"0\" bordercolor=\"#000000\" cellpadding=\"2\" cellspacing=\"0\">\n	<tbody>\n		<tr>\n			<td>\n				<img src=\"attached/image/guide/20150119/20150119080154_57562.jpg\" alt=\"\" /><br />\n			</td>\n			<td>\n				<div>\n					<strong><span style=\"font-size:14px;\">某某有限公司</span></strong> \n				</div>\n				<div>\n					<strong>地址：XX市XX区XXX号XXX栋XXX房</strong> \n				</div>\n				<div>\n					<strong>电话：0000-888888 13300000000</strong> \n				</div>\n				<div>\n					<strong>Q &nbsp;Q：000000 &nbsp;000000 &nbsp;000000</strong> \n				</div>\n				<div>\n					<strong>邮编：000000</strong> \n				</div>\n				<div>\n					<strong>邮箱：458820281@qq.com</strong> \n				</div>\n				<div>\n					<strong>网址：www.000000.cn</strong> \n				</div>\n<br />\n			</td>\n		</tr>\n	</tbody>\n</table>\n<br />\n<br />');
INSERT INTO `xm_module` VALUES ('23', '联系我们', '-1', '0', '_self', 'zh_cn', 'link', 'guide-index-id-22.html', '23::', '0', null);
INSERT INTO `xm_module` VALUES ('26', '公告信息', '-1', '0', '_self', 'zh_cn', 'article', null, '26::', '1', null);

-- ----------------------------
-- Table structure for xm_online
-- ----------------------------
DROP TABLE IF EXISTS `xm_online`;
CREATE TABLE `xm_online` (
  `online_id` int(11) NOT NULL AUTO_INCREMENT,
  `name` varchar(255) DEFAULT NULL,
  `seq` int(11) DEFAULT NULL,
  `qq` varchar(255) DEFAULT NULL,
  `taobaowangwang` varchar(255) DEFAULT NULL,
  `msn` varchar(255) DEFAULT NULL,
  `lang` varchar(50) NOT NULL DEFAULT 'zh_cn',
  PRIMARY KEY (`online_id`)
) ENGINE=InnoDB AUTO_INCREMENT=4 DEFAULT CHARSET=utf8;

-- ----------------------------
-- Records of xm_online
-- ----------------------------
INSERT INTO `xm_online` VALUES ('1', '售前', '132', '458820281', '0sdfsdf', '', 'zh_cn');

-- ----------------------------
-- Table structure for xm_order
-- ----------------------------
DROP TABLE IF EXISTS `xm_order`;
CREATE TABLE `xm_order` (
  `order_id` varchar(50) DEFAULT NULL,
  `user_id` int(11) DEFAULT NULL,
  `price` decimal(10,0) DEFAULT NULL,
  `state` varchar(255) NOT NULL DEFAULT 'WAIT_BUYER_PAY' COMMENT 'WAIT_BUYER_PAY',
  `createtime` datetime DEFAULT NULL,
  `num` int(11) DEFAULT NULL,
  `trade_no` varchar(255) DEFAULT NULL
) ENGINE=InnoDB DEFAULT CHARSET=utf8;

-- ----------------------------
-- Records of xm_order
-- ----------------------------
INSERT INTO `xm_order` VALUES ('20150331163236', '7', '2', 'WAIT_BUYER_PAY', '2015-03-31 16:32:36', null, null);

-- ----------------------------
-- Table structure for xm_orderdetails
-- ----------------------------
DROP TABLE IF EXISTS `xm_orderdetails`;
CREATE TABLE `xm_orderdetails` (
  `orderdetail_id` int(11) NOT NULL AUTO_INCREMENT,
  `order_id` varchar(50) DEFAULT NULL,
  `article_id` int(11) DEFAULT NULL,
  `price` decimal(10,0) DEFAULT NULL,
  `num` int(11) DEFAULT NULL,
  PRIMARY KEY (`orderdetail_id`)
) ENGINE=InnoDB AUTO_INCREMENT=8 DEFAULT CHARSET=utf8;

-- ----------------------------
-- Records of xm_orderdetails
-- ----------------------------
INSERT INTO `xm_orderdetails` VALUES ('6', '20150331163236', '93', '1', '1');
INSERT INTO `xm_orderdetails` VALUES ('7', '20150331163236', '92', '1', '1');

-- ----------------------------
-- Table structure for xm_role
-- ----------------------------
DROP TABLE IF EXISTS `xm_role`;
CREATE TABLE `xm_role` (
  `id` int(11) NOT NULL AUTO_INCREMENT,
  `rolename` varchar(255) DEFAULT NULL,
  PRIMARY KEY (`id`)
) ENGINE=InnoDB AUTO_INCREMENT=6 DEFAULT CHARSET=utf8;

-- ----------------------------
-- Records of xm_role
-- ----------------------------
INSERT INTO `xm_role` VALUES ('1', '内容管理员');
INSERT INTO `xm_role` VALUES ('3', '优化推广员');

-- ----------------------------
-- Table structure for xm_role_permission
-- ----------------------------
DROP TABLE IF EXISTS `xm_role_permission`;
CREATE TABLE `xm_role_permission` (
  `role_id` int(11) DEFAULT '0',
  `permission` varchar(255) DEFAULT NULL
) ENGINE=InnoDB DEFAULT CHARSET=utf8;

-- ----------------------------
-- Records of xm_role_permission
-- ----------------------------
INSERT INTO `xm_role_permission` VALUES ('1', 'systemconfig');
INSERT INTO `xm_role_permission` VALUES ('1', 'index.php?r=admin/config/basic');
INSERT INTO `xm_role_permission` VALUES ('1', 'index.php?r=admin/config/basicedit');
INSERT INTO `xm_role_permission` VALUES ('1', 'index.php?r=admin/config/email');
INSERT INTO `xm_role_permission` VALUES ('1', 'index.php?r=admin/config/editemail');
INSERT INTO `xm_role_permission` VALUES ('1', 'index.php?r=admin/upload/index');
INSERT INTO `xm_role_permission` VALUES ('1', 'index.php?r=admin/config/foot');
INSERT INTO `xm_role_permission` VALUES ('1', 'index.php?r=admin/config/editfoot');
INSERT INTO `xm_role_permission` VALUES ('1', 'pageconfig');
INSERT INTO `xm_role_permission` VALUES ('1', 'index.php?r=admin/flash/index');
INSERT INTO `xm_role_permission` VALUES ('1', 'index.php?r=admin/flash/showedit');
INSERT INTO `xm_role_permission` VALUES ('1', 'index.php?r=admin/flash/add');
INSERT INTO `xm_role_permission` VALUES ('1', 'index.php?r=admin/flash/edit');
INSERT INTO `xm_role_permission` VALUES ('1', 'index.php?r=admin/flash/del');
INSERT INTO `xm_role_permission` VALUES ('1', 'index.php?r=admin/online/index');
INSERT INTO `xm_role_permission` VALUES ('1', '');
INSERT INTO `xm_role_permission` VALUES ('1', '');
INSERT INTO `xm_role_permission` VALUES ('1', '');
INSERT INTO `xm_role_permission` VALUES ('1', 'index.php?r=admin/template/index');
INSERT INTO `xm_role_permission` VALUES ('1', 'index.php?r=admin/template/setDefault');
INSERT INTO `xm_role_permission` VALUES ('1', 'index.php?r=admin/template/showedit');
INSERT INTO `xm_role_permission` VALUES ('1', 'index.php?r=admin/flash/add');
INSERT INTO `xm_role_permission` VALUES ('1', 'index.php?r=admin/template/delTemplate');
INSERT INTO `xm_role_permission` VALUES ('1', 'moduleconfig');
INSERT INTO `xm_role_permission` VALUES ('1', 'index.php?r=admin/module/index');
INSERT INTO `xm_role_permission` VALUES ('1', 'index.php?r=admin/module/Ajax_ModuleEdit');
INSERT INTO `xm_role_permission` VALUES ('1', 'index.php?r=admin/module/del');
INSERT INTO `xm_role_permission` VALUES ('1', 'index.php?r=admin/module/showedit');
INSERT INTO `xm_role_permission` VALUES ('1', 'index.php?r=admin/module/edit');
INSERT INTO `xm_role_permission` VALUES ('1', 'infoconfig');
INSERT INTO `xm_role_permission` VALUES ('1', 'index.php?r=admin/content/index');
INSERT INTO `xm_role_permission` VALUES ('1', 'index.php?r=admin/article/add');
INSERT INTO `xm_role_permission` VALUES ('1', 'index.php?r=admin/article/showedit');
INSERT INTO `xm_role_permission` VALUES ('1', 'index.php?r=admin/article/edit');
INSERT INTO `xm_role_permission` VALUES ('1', 'index.php?r=admin/article/del');
INSERT INTO `xm_role_permission` VALUES ('1', 'index.php?r=admin/download/add');
INSERT INTO `xm_role_permission` VALUES ('1', 'index.php?r=admin/download/showedit');
INSERT INTO `xm_role_permission` VALUES ('1', 'index.php?r=admin/download/edit');
INSERT INTO `xm_role_permission` VALUES ('1', 'index.php?r=admin/download/del');
INSERT INTO `xm_role_permission` VALUES ('1', 'index.php?r=admin/job/add');
INSERT INTO `xm_role_permission` VALUES ('1', 'index.php?r=admin/job/showedit');
INSERT INTO `xm_role_permission` VALUES ('1', 'index.php?r=admin/job/edit');
INSERT INTO `xm_role_permission` VALUES ('1', 'index.php?r=admin/job/del');
INSERT INTO `xm_role_permission` VALUES ('1', 'index.php?r=admin/image/add');
INSERT INTO `xm_role_permission` VALUES ('1', 'index.php?r=admin/image/showedit');
INSERT INTO `xm_role_permission` VALUES ('1', 'index.php?r=admin/image/edit');
INSERT INTO `xm_role_permission` VALUES ('1', 'index.php?r=admin/image/del');
INSERT INTO `xm_role_permission` VALUES ('1', 'index.php?r=admin/product/add');
INSERT INTO `xm_role_permission` VALUES ('1', 'index.php?r=admin/product/showedit');
INSERT INTO `xm_role_permission` VALUES ('1', 'index.php?r=admin/product/edit');
INSERT INTO `xm_role_permission` VALUES ('1', 'index.php?r=admin/product/del');
INSERT INTO `xm_role_permission` VALUES ('1', 'index.php?r=admin/fragment/index');
INSERT INTO `xm_role_permission` VALUES ('1', 'index.php?r=admin/fragment/add');
INSERT INTO `xm_role_permission` VALUES ('1', 'index.php?r=admin/fragment/showedit');
INSERT INTO `xm_role_permission` VALUES ('1', 'index.php?r=admin/fragment/edit');
INSERT INTO `xm_role_permission` VALUES ('1', 'index.php?r=admin/fragment/del');
INSERT INTO `xm_role_permission` VALUES ('1', 'index.php?r=admin/message/index');
INSERT INTO `xm_role_permission` VALUES ('1', 'index.php?r=admin/message/showedit');
INSERT INTO `xm_role_permission` VALUES ('1', 'index.php?r=admin/message/del');
INSERT INTO `xm_role_permission` VALUES ('1', 'index.php?r=admin/feedback/index');
INSERT INTO `xm_role_permission` VALUES ('1', 'index.php?r=admin/feedback/view');
INSERT INTO `xm_role_permission` VALUES ('1', 'index.php?r=admin/feedback/del');
INSERT INTO `xm_role_permission` VALUES ('1', 'languageconfig');
INSERT INTO `xm_role_permission` VALUES ('1', 'index.php?r=admin/language/index');
INSERT INTO `xm_role_permission` VALUES ('1', 'index.php?r=admin/language/showedit');
INSERT INTO `xm_role_permission` VALUES ('1', 'index.php?r=admin/language/edit');
INSERT INTO `xm_role_permission` VALUES ('1', 'seoconfig');
INSERT INTO `xm_role_permission` VALUES ('1', 'index.php?r=admin/rewrite/index');
INSERT INTO `xm_role_permission` VALUES ('1', 'index.php?r=admin/rewrite/edit');
INSERT INTO `xm_role_permission` VALUES ('1', 'index.php?r=admin/friendlink/index');
INSERT INTO `xm_role_permission` VALUES ('1', 'index.php?r=admin/friendlink/showedit');
INSERT INTO `xm_role_permission` VALUES ('1', 'index.php?r=admin/friendlink/edit');
INSERT INTO `xm_role_permission` VALUES ('1', 'index.php?r=admin/friendlink/del');
INSERT INTO `xm_role_permission` VALUES ('1', 'index.php?r=admin/cache/index');
INSERT INTO `xm_role_permission` VALUES ('1', 'index.php?r=admin/cache/clearCache');
INSERT INTO `xm_role_permission` VALUES ('1', 'userconfig');
INSERT INTO `xm_role_permission` VALUES ('1', 'index.php?r=admin/user/index');
INSERT INTO `xm_role_permission` VALUES ('1', 'index.php?r=admin/user/add');
INSERT INTO `xm_role_permission` VALUES ('1', 'index.php?r=admin/user/showedit');
INSERT INTO `xm_role_permission` VALUES ('1', 'index.php?r=admin/user/edit');
INSERT INTO `xm_role_permission` VALUES ('1', 'index.php?r=admin/group/index');
INSERT INTO `xm_role_permission` VALUES ('1', 'index.php?r=admin/group/add');
INSERT INTO `xm_role_permission` VALUES ('1', 'index.php?r=admin/group/showedit');
INSERT INTO `xm_role_permission` VALUES ('1', 'index.php?r=admin/group/edit');
INSERT INTO `xm_role_permission` VALUES ('1', 'index.php?r=admin/role/index');
INSERT INTO `xm_role_permission` VALUES ('1', 'index.php?r=admin/role/add');
INSERT INTO `xm_role_permission` VALUES ('1', 'index.php?r=admin/role/showedit');
INSERT INTO `xm_role_permission` VALUES ('1', 'index.php?r=admin/role/edit');

-- ----------------------------
-- Table structure for xm_shopcart
-- ----------------------------
DROP TABLE IF EXISTS `xm_shopcart`;
CREATE TABLE `xm_shopcart` (
  `shopcart_id` int(11) NOT NULL AUTO_INCREMENT,
  `user_id` int(11) DEFAULT NULL,
  `article_id` int(11) DEFAULT NULL,
  `num` int(11) DEFAULT NULL,
  PRIMARY KEY (`shopcart_id`)
) ENGINE=InnoDB DEFAULT CHARSET=utf8;

-- ----------------------------
-- Records of xm_shopcart
-- ----------------------------

-- ----------------------------
-- Table structure for xm_sourcemessage
-- ----------------------------
DROP TABLE IF EXISTS `xm_sourcemessage`;
CREATE TABLE `xm_sourcemessage` (
  `id` int(11) NOT NULL,
  `category` varchar(32) DEFAULT NULL,
  `message` text,
  PRIMARY KEY (`id`)
) ENGINE=InnoDB DEFAULT CHARSET=utf8;

-- ----------------------------
-- Records of xm_sourcemessage
-- ----------------------------
INSERT INTO `xm_sourcemessage` VALUES ('1', 'admin/default/index', '用户名');
INSERT INTO `xm_sourcemessage` VALUES ('2', 'admin/default/index', '后台语言');
INSERT INTO `xm_sourcemessage` VALUES ('3', 'admin/default/index', '密码');
INSERT INTO `xm_sourcemessage` VALUES ('4', 'admin/default/index', '验证码');
INSERT INTO `xm_sourcemessage` VALUES ('5', 'admin/default/index', '帮助');
INSERT INTO `xm_sourcemessage` VALUES ('6', 'admin/default/index', '论坛');

-- ----------------------------
-- Table structure for xm_translatedmessage
-- ----------------------------
DROP TABLE IF EXISTS `xm_translatedmessage`;
CREATE TABLE `xm_translatedmessage` (
  `id` int(11) NOT NULL DEFAULT '0',
  `language` varchar(16) NOT NULL DEFAULT '',
  `translation` text,
  PRIMARY KEY (`id`,`language`),
  CONSTRAINT `FK_Message_SourceMessage` FOREIGN KEY (`id`) REFERENCES `xm_sourcemessage` (`id`) ON DELETE CASCADE
) ENGINE=InnoDB DEFAULT CHARSET=utf8;

-- ----------------------------
-- Records of xm_translatedmessage
-- ----------------------------
INSERT INTO `xm_translatedmessage` VALUES ('1', 'xm_en_us', 'USERNAME');
INSERT INTO `xm_translatedmessage` VALUES ('1', 'xm_zh_cn', '用户名');

-- ----------------------------
-- Table structure for xm_user
-- ----------------------------
DROP TABLE IF EXISTS `xm_user`;
CREATE TABLE `xm_user` (
  `user_id` int(11) NOT NULL AUTO_INCREMENT,
  `loginname` varchar(255) DEFAULT NULL,
  `loginpass` varchar(255) DEFAULT NULL COMMENT '默认密码：21232f297a57a5a743894a0e4a801fc3，admin',
  `username` varchar(255) DEFAULT NULL,
  `createtime` datetime NOT NULL,
  `group_id` int(11) DEFAULT NULL,
  `isvalid` tinyint(4) DEFAULT '1',
  `isadmin` tinyint(4) DEFAULT '0',
  `last_loginip` varchar(50) DEFAULT NULL,
  `last_logintime` datetime DEFAULT NULL,
  `login_num` int(11) NOT NULL DEFAULT '0',
  `email` varchar(255) DEFAULT NULL,
  `phone` varchar(255) DEFAULT NULL,
  `isnew` tinyint(4) NOT NULL DEFAULT '1',
  `sex` int(11) DEFAULT '0' COMMENT '0女,1男',
  `tel` varchar(50) DEFAULT NULL,
  `role_id` int(11) NOT NULL,
  `resetpwdcode` varchar(255) DEFAULT NULL,
  `resetpwdcode_time` datetime DEFAULT NULL,
  PRIMARY KEY (`user_id`)
) ENGINE=InnoDB AUTO_INCREMENT=12 DEFAULT CHARSET=utf8;

-- ----------------------------
-- Records of xm_user
-- ----------------------------
INSERT INTO `xm_user` VALUES ('2', 'administrator', '40cea3c724a93a94acc7ba90cec46825', '管理员', '2013-10-28 20:02:22', '1', '1', '1', '127.0.0.1', '2015-07-03 09:35:58', '204', '458820281@qq.com', '15358062815', '0', '0', '15358062815', '0', null, null);
INSERT INTO `xm_user` VALUES ('7', 'xiaomai', '40cea3c724a93a94acc7ba90cec46825', '小麦', '2013-11-26 14:01:22', '1', '1', '1', '::1', '2015-04-08 15:26:47', '41', '15358062815@163.com', '15358062815', '0', '1', '15358062815', '0', null, null);
INSERT INTO `xm_user` VALUES ('9', 'ordinary', '40cea3c724a93a94acc7ba90cec46825', '小麦用户', '0000-00-00 00:00:00', '1', '1', '0', '::1', '2015-01-16 08:30:25', '4', '458820281@qq.com', '15358062815', '1', '0', '15358062815', '0', null, null);
